{
    "films": [
        {
            "id": "tt5090568",
            "rank": "1",
            "title": "Transformers: Rise of the Beasts",
            "image": "https://m.media-amazon.com/images/M/MV5BZTNiNDA4NmMtNTExNi00YmViLWJkMDAtMDAxNmRjY2I2NDVjXkEyXkFqcGdeQXVyMDM2NDM2MQ@@._V1_Ratio0.6716_AL_.jpg",
            "weekend": "$61.0M",
            "gross": "$61.0M",
            "weeks": "1"
        },
        {
            "id": "tt9362722",
            "rank": "2",
            "title": "Spider-Man: Across the Spider-Verse",
            "image": "https://m.media-amazon.com/images/M/MV5BNzQ1ODUzYjktMzRiMS00ODNiLWI4NzQtOTRiN2VlNTNmODFjXkEyXkFqcGdeQXVyMTkxNjUyNQ@@._V1_Ratio0.6716_AL_.jpg",
            "weekend": "$55.5M",
            "gross": "$225.5M",
            "weeks": "2"
        },
        {
            "id": "tt5971474",
            "rank": "3",
            "title": "The Little Mermaid",
            "image": "https://m.media-amazon.com/images/M/MV5BYTUxYjczMWUtYzlkZC00NTcwLWE3ODQtN2I2YTIxOTU0ZTljXkEyXkFqcGdeQXVyMTkxNjUyNQ@@._V1_Ratio0.6716_AL_.jpg",
            "weekend": "$23.2M",
            "gross": "$229.2M",
            "weeks": "3"
        },
        {
            "id": "tt6791350",
            "rank": "4",
            "title": "Guardians of the Galaxy Vol. 3",
            "image": "https://m.media-amazon.com/images/M/MV5BMDgxOTdjMzYtZGQxMS00ZTAzLWI4Y2UtMTQzN2VlYjYyZWRiXkEyXkFqcGdeQXVyMTkxNjUyNQ@@._V1_Ratio0.6716_AL_.jpg",
            "weekend": "$7.2M",
            "gross": "$335.6M",
            "weeks": "6"
        },
        {
            "id": "tt3427252",
            "rank": "5",
            "title": "The Boogeyman",
            "image": "https://m.media-amazon.com/images/M/MV5BNzNkYmE1NDYtMmI4Mi00YjU2LTkxZDEtMWI0ZDE4MTczZDRjXkEyXkFqcGdeQXVyMDM2NDM2MQ@@._V1_Ratio0.6716_AL_.jpg",
            "weekend": "$7.2M",
            "gross": "$25.0M",
            "weeks": "2"
        },
        {
            "id": "tt5433140",
            "rank": "6",
            "title": "Fast X",
            "image": "https://m.media-amazon.com/images/M/MV5BNzZmOTU1ZTEtYzVhNi00NzQxLWI5ZjAtNWNhNjEwY2E3YmZjXkEyXkFqcGdeQXVyODk4OTc3MTY@._V1_Ratio0.6716_AL_.jpg",
            "weekend": "$5.3M",
            "gross": "$138.2M",
            "weeks": "4"
        },
        {
            "id": "tt6718170",
            "rank": "7",
            "title": "The Super Mario Bros. Movie",
            "image": "https://m.media-amazon.com/images/M/MV5BOTJhNzlmNzctNTU5Yy00N2YwLThhMjQtZDM0YjEzN2Y0ZjNhXkEyXkFqcGdeQXVyMTEwMTQ4MzU5._V1_Ratio0.6716_AL_.jpg",
            "weekend": "$2.2M",
            "gross": "$570.3M",
            "weeks": "10"
        },
        {
            "id": "tt8373206",
            "rank": "8",
            "title": "About My Father",
            "image": "https://m.media-amazon.com/images/M/MV5BZTUwYmYwMzUtYmIyZS00OWM3LWE3MWEtM2NjYTk0NzhiM2NmXkEyXkFqcGdeQXVyNDAyNjg5MzY@._V1_Ratio0.6716_AL_.jpg",
            "weekend": "$837K",
            "gross": "$10.8M",
            "weeks": "3"
        },
        {
            "id": "tt11040844",
            "rank": "9",
            "title": "The Machine",
            "image": "https://m.media-amazon.com/images/M/MV5BNjAwMzk1YzEtOGJjOS00Mjg3LTllNGItMGYxNWI0ZTI1MTk3XkEyXkFqcGdeQXVyMDA4NzMyOA@@._V1_Ratio0.6716_AL_.jpg",
            "weekend": "$577K",
            "gross": "$10.1M",
            "weeks": "3"
        },
        {
            "id": "tt13238346",
            "rank": "10",
            "title": "Past Lives",
            "image": "https://m.media-amazon.com/images/M/MV5BOTkzYmMxNTItZDAxNC00NGM0LWIyODMtMWYzMzRkMjIyMTE1XkEyXkFqcGdeQXVyMTAyMjQ3NzQ1._V1_Ratio0.6716_AL_.jpg",
            "weekend": "$521K",
            "gross": "$867K",
            "weeks": "2"
        }
    ],
    "errorMessage": ""
}