{
    "shows": [
        {
            "id": "tt14954666",
            "rank": "1",
            "rankUpDown": "+13",
            "title": "The Idol",
            "fullTitle": "The Idol (2023)",
            "year": "2023",
            "image": "https://m.media-amazon.com/images/M/MV5BYzU3YmMwYjItYzQ0My00YjYzLThlZjItNTdmNjY5ZTZjNWY5XkEyXkFqcGdeQXVyMTY1MTU0NzEz._V1_Ratio0.6716_AL_.jpg",
            "crew": "Lily-Rose Depp, The Weeknd",
            "imDbRating": "4.8",
            "imDbRatingCount": "12042"
        },
        {
            "id": "tt7660850",
            "rank": "2",
            "rankUpDown": "-1",
            "title": "Succession",
            "fullTitle": "Succession (2018)",
            "year": "2018",
            "image": "https://m.media-amazon.com/images/M/MV5BZTY0YjU0NTUtMGRmNS00NDMyLWI2MzYtNjM2MmM1M2FkMjkyXkEyXkFqcGdeQXVyNjY1MTg4Mzc@._V1_Ratio0.6716_AL_.jpg",
            "crew": "Nicholas Braun, Brian Cox",
            "imDbRating": "8.9",
            "imDbRatingCount": "207607"
        },
        {
            "id": "tt10986410",
            "rank": "3",
            "rankUpDown": "-1",
            "title": "Ted Lasso",
            "fullTitle": "Ted Lasso (2020)",
            "year": "2020",
            "image": "https://m.media-amazon.com/images/M/MV5BMTdmZjBjZjQtY2JiNS00Y2ZlLTg2NzgtMjUzMGY2OTVmOWJiXkEyXkFqcGdeQXVyMDM2NDM2MQ@@._V1_Ratio0.6716_AL_.jpg",
            "crew": "Jason Sudeikis, Brett Goldstein",
            "imDbRating": "8.8",
            "imDbRatingCount": "279215"
        },
        {
            "id": "tt14688458",
            "rank": "4",
            "rankUpDown": "+1",
            "title": "Silo",
            "fullTitle": "Silo (2023)",
            "year": "2023",
            "image": "https://m.media-amazon.com/images/M/MV5BNTk3MGJkZGItNzRjYy00MDhiLWExMjUtOWU2Njc3YWRmOWE3XkEyXkFqcGdeQXVyMjkwOTAyMDU@._V1_Ratio0.6716_AL_.jpg",
            "crew": "Rebecca Ferguson, Tim Robbins",
            "imDbRating": "8.1",
            "imDbRatingCount": "24010"
        },
        {
            "id": "tt13064902",
            "rank": "5",
            "rankUpDown": "-2",
            "title": "FUBAR",
            "fullTitle": "FUBAR (2023)",
            "year": "2023",
            "image": "https://m.media-amazon.com/images/M/MV5BODNiNWQxMmMtMjIwNC00NDU2LTgwYzctNTI1ZDcyODBjZTNiXkEyXkFqcGdeQXVyMTkxNjUyNQ@@._V1_Ratio0.6716_AL_.jpg",
            "crew": "Arnold Schwarzenegger, Monica Barbaro",
            "imDbRating": "6.5",
            "imDbRatingCount": "19989"
        },
        {
            "id": "tt8421350",
            "rank": "6",
            "rankUpDown": "+37",
            "title": "Manifest",
            "fullTitle": "Manifest (2018)",
            "year": "2018",
            "image": "https://m.media-amazon.com/images/M/MV5BZjllMzc1ZTAtMzYyYi00OWU4LTgzNTAtYWJmMWNhZDI3ODVjXkEyXkFqcGdeQXVyNjEwNTM2Mzc@._V1_Ratio0.6716_AL_.jpg",
            "crew": "Melissa Roxburgh, Josh Dallas",
            "imDbRating": "7.1",
            "imDbRatingCount": "76535"
        },
        {
            "id": "tt9813792",
            "rank": "7",
            "rankUpDown": "0",
            "title": "From",
            "fullTitle": "From (2022)",
            "year": "2022",
            "image": "https://m.media-amazon.com/images/M/MV5BNDQxOGI4ZjItM2NhZC00Y2FhLWEwZTAtZTc2MmJmNzY1MjViXkEyXkFqcGdeQXVyMDA4NzMyOA@@._V1_Ratio0.6716_AL_.jpg",
            "crew": "Harold Perrineau, Catalina Sandino Moreno",
            "imDbRating": "7.7",
            "imDbRatingCount": "38339"
        },
        {
            "id": "tt2085059",
            "rank": "8",
            "rankUpDown": "+4",
            "title": "Black Mirror",
            "fullTitle": "Black Mirror (2011)",
            "year": "2011",
            "image": "https://m.media-amazon.com/images/M/MV5BZTgyNTBkNzctN2I3NC00NTA1LWJiMDMtYzA2MmYyZjc1NWQzXkEyXkFqcGdeQXVyMTUzMTg2ODkz._V1_Ratio0.7910_AL_.jpg",
            "crew": "Daniel Lapaine, Hannah John-Kamen",
            "imDbRating": "8.8",
            "imDbRatingCount": "576354"
        },
        {
            "id": "tt14417718",
            "rank": "9",
            "rankUpDown": "+209",
            "title": "The Crowded Room",
            "fullTitle": "The Crowded Room (2023)",
            "year": "2023",
            "image": "https://m.media-amazon.com/images/M/MV5BYTkxMDc2OTUtNjAyYi00NDUyLWE4OGMtODQwMjY5ZmRmOTMwXkEyXkFqcGdeQXVyMjM3NjM3Mg@@._V1_Ratio0.6716_AL_.jpg",
            "crew": "Tom Holland, Will Chase",
            "imDbRating": "7.0",
            "imDbRatingCount": "1655"
        },
        {
            "id": "tt10062292",
            "rank": "10",
            "rankUpDown": "+243",
            "title": "Never Have I Ever",
            "fullTitle": "Never Have I Ever (2020)",
            "year": "2020",
            "image": "https://m.media-amazon.com/images/M/MV5BZTY5ZmMwMDQtMmYxYy00ZTYyLWE5MDItZGUwM2I5NTAwOGUwXkEyXkFqcGdeQXVyMTkxNjUyNQ@@._V1_Ratio0.6716_AL_.jpg",
            "crew": "Maitreyi Ramakrishnan, Poorna Jagannathan",
            "imDbRating": "7.9",
            "imDbRatingCount": "66220"
        },
        {
            "id": "tt5348176",
            "rank": "11",
            "rankUpDown": "-7",
            "title": "Barry",
            "fullTitle": "Barry (2018)",
            "year": "2018",
            "image": "https://m.media-amazon.com/images/M/MV5BNDY5NzNlMWItMmFiYy00NjU1LWFhYTAtOWNhYjI2NDViNTZmXkEyXkFqcGdeQXVyMTkxNjUyNQ@@._V1_Ratio0.6716_AL_.jpg",
            "crew": "Bill Hader, Stephen Root",
            "imDbRating": "8.4",
            "imDbRatingCount": "103915"
        },
        {
            "id": "tt0472954",
            "rank": "12",
            "rankUpDown": "+32",
            "title": "It's Always Sunny in Philadelphia",
            "fullTitle": "It's Always Sunny in Philadelphia (2005)",
            "year": "2005",
            "image": "https://m.media-amazon.com/images/M/MV5BZDc4NjU1MmMtZjIzNy00MWRhLWI4ZjUtYjY4YmFlY2NjMzA0XkEyXkFqcGdeQXVyMjkwOTAyMDU@._V1_Ratio0.6716_AL_.jpg",
            "crew": "Charlie Day, Rob McElhenney",
            "imDbRating": "8.8",
            "imDbRatingCount": "236488"
        },
        {
            "id": "tt11083696",
            "rank": "13",
            "rankUpDown": "+146",
            "title": "Cruel Summer",
            "fullTitle": "Cruel Summer (2021)",
            "year": "2021",
            "image": "https://m.media-amazon.com/images/M/MV5BMjBlMDE1MWQtNmUyYi00MDY3LWFkNzItMmZiNTVjZjdiZjkzXkEyXkFqcGdeQXVyMTE0NzY5OTk5._V1_Ratio0.7910_AL_.jpg",
            "crew": "Chiara Aurelia, Olivia Holt",
            "imDbRating": "7.5",
            "imDbRatingCount": "16152"
        },
        {
            "id": "tt0944947",
            "rank": "14",
            "rankUpDown": "-1",
            "title": "Game of Thrones",
            "fullTitle": "Game of Thrones (2011)",
            "year": "2011",
            "image": "https://m.media-amazon.com/images/M/MV5BN2IzYzBiOTQtNGZmMi00NDI5LTgxMzMtN2EzZjA1NjhlOGMxXkEyXkFqcGdeQXVyNjAwNDUxODI@._V1_Ratio0.6716_AL_.jpg",
            "crew": "Emilia Clarke, Peter Dinklage",
            "imDbRating": "9.2",
            "imDbRatingCount": "2168968"
        },
        {
            "id": "tt11041332",
            "rank": "15",
            "rankUpDown": "-9",
            "title": "Yellowjackets",
            "fullTitle": "Yellowjackets (2021)",
            "year": "2021",
            "image": "https://m.media-amazon.com/images/M/MV5BMTkzYTBkYmItN2Q0Zi00ODhiLWI3MzEtNDdiNDRkNWYzOTMyXkEyXkFqcGdeQXVyMTUyMTgzNjY4._V1_Ratio0.6716_AL_.jpg",
            "crew": "Melanie Lynskey, Tawny Cypress",
            "imDbRating": "7.8",
            "imDbRatingCount": "68134"
        },
        {
            "id": "tt4236770",
            "rank": "16",
            "rankUpDown": "-5",
            "title": "Yellowstone",
            "fullTitle": "Yellowstone (2018)",
            "year": "2018",
            "image": "https://m.media-amazon.com/images/M/MV5BOGFiZjU5NGEtNTAwNS00ZjI2LTg0YTktNjg0ODFlM2E0NGVhXkEyXkFqcGdeQXVyMzQ2MDI5NjU@._V1_Ratio0.6716_AL_.jpg",
            "crew": "Kevin Costner, Luke Grimes",
            "imDbRating": "8.7",
            "imDbRatingCount": "179554"
        },
        {
            "id": "tt5788792",
            "rank": "17",
            "rankUpDown": "-9",
            "title": "The Marvelous Mrs. Maisel",
            "fullTitle": "The Marvelous Mrs. Maisel (2017)",
            "year": "2017",
            "image": "https://m.media-amazon.com/images/M/MV5BOWFjODRhMDktMTE3My00ODQzLThmODctYmM2ZmU5YmY0ZGVkXkEyXkFqcGdeQXVyMjkwOTAyMDU@._V1_Ratio0.6716_AL_.jpg",
            "crew": "Rachel Brosnahan, Alex Borstein",
            "imDbRating": "8.7",
            "imDbRatingCount": "129734"
        },
        {
            "id": "tt14494938",
            "rank": "18",
            "rankUpDown": "+18",
            "title": "Fake Profile",
            "fullTitle": "Fake Profile (2023)",
            "year": "2023",
            "image": "https://m.media-amazon.com/images/M/MV5BYjI5MWE1MTktMzM0Yy00NTE1LTk4NGYtZjVlZjVhNDFkNTk5XkEyXkFqcGdeQXVyMTUyMzg5NzM2._V1_Ratio0.7015_AL_.jpg",
            "crew": "Carolina Miranda, Rodolfo Salas",
            "imDbRating": "5.6",
            "imDbRatingCount": "1696"
        },
        {
            "id": "tt19500224",
            "rank": "19",
            "rankUpDown": "+330",
            "title": "Based on a True Story",
            "fullTitle": "Based on a True Story (2023)",
            "year": "2023",
            "image": "https://m.media-amazon.com/images/M/MV5BMTI5YmVmNTktM2UxNS00OTk1LTk5YWYtMjQ3MmZlZjlmMGEyXkEyXkFqcGdeQXVyMjYwNDA2MDE@._V1_Ratio0.6716_AL_.jpg",
            "crew": "Kaley Cuoco, Chris Messina",
            "imDbRating": "7.4",
            "imDbRatingCount": "2240"
        },
        {
            "id": "tt22074164",
            "rank": "20",
            "rankUpDown": "+8",
            "title": "Jury Duty",
            "fullTitle": "Jury Duty (2023)",
            "year": "2023",
            "image": "https://m.media-amazon.com/images/M/MV5BOGI4NjI2YzMtMWYzNS00OTI4LTkwM2MtZTEzNDU2MDhhNTY0XkEyXkFqcGdeQXVyMTQzNTA5MzYz._V1_Ratio0.6716_AL_.jpg",
            "crew": "James Marsden, Alan Barinholtz",
            "imDbRating": "8.4",
            "imDbRatingCount": "19103"
        },
        {
            "id": "tt0903747",
            "rank": "21",
            "rankUpDown": "-5",
            "title": "Breaking Bad",
            "fullTitle": "Breaking Bad (2008)",
            "year": "2008",
            "image": "https://m.media-amazon.com/images/M/MV5BYmQ4YWMxYjUtNjZmYi00MDQ1LWFjMjMtNjA5ZDdiYjdiODU5XkEyXkFqcGdeQXVyMTMzNDExODE5._V1_Ratio0.6716_AL_.jpg",
            "crew": "Bryan Cranston, Aaron Paul",
            "imDbRating": "9.5",
            "imDbRatingCount": "1986306"
        },
        {
            "id": "tt14586350",
            "rank": "22",
            "rankUpDown": "-13",
            "title": "Love & Death",
            "fullTitle": "Love & Death (2023)",
            "year": "2023",
            "image": "https://m.media-amazon.com/images/M/MV5BOGRhYmU2YWEtNThlMi00ZmQ4LWFiYTQtYjM0NDM3YTRlZmUxXkEyXkFqcGdeQXVyMTEyMjM2NDc2._V1_Ratio0.6716_AL_.jpg",
            "crew": "Elizabeth Olsen, Jesse Plemons",
            "imDbRating": "7.6",
            "imDbRatingCount": "19381"
        },
        {
            "id": "tt1520211",
            "rank": "23",
            "rankUpDown": "-1",
            "title": "The Walking Dead",
            "fullTitle": "The Walking Dead (2010)",
            "year": "2010",
            "image": "https://m.media-amazon.com/images/M/MV5BZmU5NTcwNjktODIwMi00ZmZkLTk4ZWUtYzVjZWQ5ZTZjN2RlXkEyXkFqcGdeQXVyMTkxNjUyNQ@@._V1_Ratio0.6716_AL_.jpg",
            "crew": "Andrew Lincoln, Norman Reedus",
            "imDbRating": "8.1",
            "imDbRatingCount": "1030202"
        },
        {
            "id": "tt2741602",
            "rank": "24",
            "rankUpDown": "-4",
            "title": "The Blacklist",
            "fullTitle": "The Blacklist (2013)",
            "year": "2013",
            "image": "https://m.media-amazon.com/images/M/MV5BMTU1OTdjYTUtMzA2MS00Njg4LWI1NTctMWUzYzNkNmQ5YWY3XkEyXkFqcGdeQXVyMTUwMzM5ODkz._V1_Ratio0.6716_AL_.jpg",
            "crew": "James Spader, Megan Boone",
            "imDbRating": "8.0",
            "imDbRatingCount": "263502"
        },
        {
            "id": "tt7587890",
            "rank": "25",
            "rankUpDown": "-2",
            "title": "The Rookie",
            "fullTitle": "The Rookie (2018)",
            "year": "2018",
            "image": "https://m.media-amazon.com/images/M/MV5BOTY5OWFmMzAtZTIxYi00NGM4LTk3YWMtY2MyYzMwOWVhZWM0XkEyXkFqcGdeQXVyMzAzNTY3MDM@._V1_Ratio0.7910_AL_.jpg",
            "crew": "Nathan Fillion, Alyssa Diaz",
            "imDbRating": "8.0",
            "imDbRatingCount": "51197"
        },
        {
            "id": "tt9794044",
            "rank": "26",
            "rankUpDown": "-16",
            "title": "Citadel",
            "fullTitle": "Citadel (2023)",
            "year": "2023",
            "image": "https://m.media-amazon.com/images/M/MV5BNjUzZjdhZGMtNjRiNi00MzM0LTg5Y2EtM2E2ZTRhMWViMDhkXkEyXkFqcGdeQXVyNjY1MTg4Mzc@._V1_Ratio0.6716_AL_.jpg",
            "crew": "Richard Madden, Priyanka Chopra Jonas",
            "imDbRating": "6.1",
            "imDbRatingCount": "22804"
        },
        {
            "id": "tt0413573",
            "rank": "27",
            "rankUpDown": "-1",
            "title": "Grey's Anatomy",
            "fullTitle": "Grey's Anatomy (2005)",
            "year": "2005",
            "image": "https://m.media-amazon.com/images/M/MV5BODA2Mjk0N2MtNGY0Mi00ZWFjLTkxODEtZDFjNDg4ZDliMGVmXkEyXkFqcGdeQXVyMzAzNTY3MDM@._V1_Ratio0.6716_AL_.jpg",
            "crew": "Ellen Pompeo, Chandra Wilson",
            "imDbRating": "7.6",
            "imDbRatingCount": "322970"
        },
        {
            "id": "tt8772296",
            "rank": "28",
            "rankUpDown": "+30",
            "title": "Euphoria",
            "fullTitle": "Euphoria (2019)",
            "year": "2019",
            "image": "https://m.media-amazon.com/images/M/MV5BMDMzZDkyNzEtYTY5Ni00NzlhLWI4MzUtY2UzNjNmMjI1YzIzXkEyXkFqcGdeQXVyMDM2NDM2MQ@@._V1_Ratio0.6716_AL_.jpg",
            "crew": "Zendaya, Hunter Schafer",
            "imDbRating": "8.4",
            "imDbRatingCount": "207595"
        },
        {
            "id": "tt3032476",
            "rank": "29",
            "rankUpDown": "-5",
            "title": "Better Call Saul",
            "fullTitle": "Better Call Saul (2015)",
            "year": "2015",
            "image": "https://m.media-amazon.com/images/M/MV5BZDA4YmE0OTYtMmRmNS00Mzk2LTlhM2MtNjk4NzBjZGE1MmIyXkEyXkFqcGdeQXVyMTMzNDExODE5._V1_Ratio0.6716_AL_.jpg",
            "crew": "Bob Odenkirk, Rhea Seehorn",
            "imDbRating": "9.0",
            "imDbRatingCount": "580413"
        },
        {
            "id": "tt1190634",
            "rank": "30",
            "rankUpDown": "+4",
            "title": "The Boys",
            "fullTitle": "The Boys (2019)",
            "year": "2019",
            "image": "https://m.media-amazon.com/images/M/MV5BOTEyNDJhMDAtY2U5ZS00OTMzLTkwODktMjU3MjFkZWVlMGYyXkEyXkFqcGdeQXVyMjkwOTAyMDU@._V1_Ratio0.7910_AL_.jpg",
            "crew": "Karl Urban, Jack Quaid",
            "imDbRating": "8.7",
            "imDbRatingCount": "556840"
        },
        {
            "id": "tt4574334",
            "rank": "31",
            "rankUpDown": "0",
            "title": "Stranger Things",
            "fullTitle": "Stranger Things (2016)",
            "year": "2016",
            "image": "https://m.media-amazon.com/images/M/MV5BMDZkYmVhNjMtNWU4MC00MDQxLWE3MjYtZGMzZWI1ZjhlOWJmXkEyXkFqcGdeQXVyMTkxNjUyNQ@@._V1_Ratio0.7910_AL_.jpg",
            "crew": "Millie Bobby Brown, Finn Wolfhard",
            "imDbRating": "8.7",
            "imDbRatingCount": "1247587"
        },
        {
            "id": "tt17491088",
            "rank": "32",
            "rankUpDown": "-14",
            "title": "The Diplomat",
            "fullTitle": "The Diplomat (2023)",
            "year": "2023",
            "image": "https://m.media-amazon.com/images/M/MV5BM2Y5YTFjMjEtM2Q0OS00NzhlLWFmYjQtZjczYzQ2NDI0NTRjXkEyXkFqcGdeQXVyNTE1NjY5Mg@@._V1_Ratio0.6716_AL_.jpg",
            "crew": "Keri Russell, Rufus Sewell",
            "imDbRating": "8.0",
            "imDbRatingCount": "38135"
        },
        {
            "id": "tt3581920",
            "rank": "33",
            "rankUpDown": "-4",
            "title": "The Last of Us",
            "fullTitle": "The Last of Us (2023)",
            "year": "2023",
            "image": "https://m.media-amazon.com/images/M/MV5BZGUzYTI3M2EtZmM0Yy00NGUyLWI4ODEtN2Q3ZGJlYzhhZjU3XkEyXkFqcGdeQXVyNTM0OTY1OQ@@._V1_Ratio0.6716_AL_.jpg",
            "crew": "Pedro Pascal, Bella Ramsey",
            "imDbRating": "8.8",
            "imDbRatingCount": "421348"
        },
        {
            "id": "tt3107288",
            "rank": "34",
            "rankUpDown": "-15",
            "title": "The Flash",
            "fullTitle": "The Flash (2014)",
            "year": "2014",
            "image": "https://m.media-amazon.com/images/M/MV5BZDcwMzU4NWYtODIzZi00Yzg4LWJhOTAtOTQ2ZDA4NmFlYmFlXkEyXkFqcGdeQXVyMTY1MTU3NDY5._V1_Ratio0.7910_AL_.jpg",
            "crew": "Grant Gustin, Candice Patton",
            "imDbRating": "7.5",
            "imDbRatingCount": "358331"
        },
        {
            "id": "tt22074484",
            "rank": "35",
            "rankUpDown": "+96",
            "title": "The Days",
            "fullTitle": "The Days (2023)",
            "year": "2023",
            "image": "https://m.media-amazon.com/images/M/MV5BNDk3OTExMTEtMWI1Ny00YmI1LTg3OTUtMWYwNjEwZWJlOWJiXkEyXkFqcGdeQXVyMTUyMzg5NzM2._V1_Ratio0.7015_AL_.jpg",
            "crew": "Kôji Yakusho, Nobi Nakanishi",
            "imDbRating": "7.3",
            "imDbRatingCount": "2235"
        },
        {
            "id": "tt0141842",
            "rank": "36",
            "rankUpDown": "+3",
            "title": "The Sopranos",
            "fullTitle": "The Sopranos (1999)",
            "year": "1999",
            "image": "https://m.media-amazon.com/images/M/MV5BZGJjYzhjYTYtMDBjYy00OWU1LTg5OTYtNmYwOTZmZjE3ZDdhXkEyXkFqcGdeQXVyNTAyODkwOQ@@._V1_Ratio0.7015_AL_.jpg",
            "crew": "James Gandolfini, Lorraine Bracco",
            "imDbRating": "9.2",
            "imDbRatingCount": "425648"
        },
        {
            "id": "tt9335498",
            "rank": "37",
            "rankUpDown": "+1",
            "title": "Demon Slayer: Kimetsu no Yaiba",
            "fullTitle": "Demon Slayer: Kimetsu no Yaiba (2019)",
            "year": "2019",
            "image": "https://m.media-amazon.com/images/M/MV5BYTIxNjk3YjItYmYzMC00ZTdmLTk0NGUtZmNlZTA0NWFkZDMwXkEyXkFqcGdeQXVyNjAwNDUxODI@._V1_Ratio0.6716_AL_.jpg",
            "crew": "Natsuki Hanae, Zach Aguilar",
            "imDbRating": "8.7",
            "imDbRatingCount": "121905"
        },
        {
            "id": "tt13366604",
            "rank": "38",
            "rankUpDown": "-13",
            "title": "Platonic",
            "fullTitle": "Platonic (2023)",
            "year": "2023",
            "image": "https://m.media-amazon.com/images/M/MV5BNjYwMmQ5ZDAtMGE3MS00ZGJkLTk1M2YtM2NlMjE2YmIwOTY0XkEyXkFqcGdeQXVyMDM2NDM2MQ@@._V1_Ratio0.6716_AL_.jpg",
            "crew": "Rose Byrne, Seth Rogen",
            "imDbRating": "6.9",
            "imDbRatingCount": "3350"
        },
        {
            "id": "tt10050772",
            "rank": "39",
            "rankUpDown": "-12",
            "title": "I Think You Should Leave with Tim Robinson",
            "fullTitle": "I Think You Should Leave with Tim Robinson (2019)",
            "year": "2019",
            "image": "https://m.media-amazon.com/images/M/MV5BNDAxOWU5ZGItNmI2NC00OTcyLThkM2EtYjk3NDQzYWI5YTM2XkEyXkFqcGdeQXVyMTMxODk2OTU@._V1_Ratio0.7015_AL_.jpg",
            "crew": "Tim Robinson, Sam Richardson",
            "imDbRating": "8.0",
            "imDbRatingCount": "16341"
        },
        {
            "id": "tt6226232",
            "rank": "40",
            "rankUpDown": "-10",
            "title": "Young Sheldon",
            "fullTitle": "Young Sheldon (2017)",
            "year": "2017",
            "image": "https://m.media-amazon.com/images/M/MV5BZDg3MGNhYjItZGU2Yi00MzU4LWE4NGUtYjA2OTVjNGUyMjE4XkEyXkFqcGdeQXVyNjg4NzAyOTA@._V1_Ratio0.6716_AL_.jpg",
            "crew": "Iain Armitage, Zoe Perry",
            "imDbRating": "7.6",
            "imDbRatingCount": "74748"
        },
        {
            "id": "tt0386676",
            "rank": "41",
            "rankUpDown": "+4",
            "title": "The Office",
            "fullTitle": "The Office (2005)",
            "year": "2005",
            "image": "https://m.media-amazon.com/images/M/MV5BMDNkOTE4NDQtMTNmYi00MWE0LWE4ZTktYTc0NzhhNWIzNzJiXkEyXkFqcGdeQXVyMzQ2MDI5NjU@._V1_Ratio0.6716_AL_.jpg",
            "crew": "Steve Carell, Jenna Fischer",
            "imDbRating": "9.0",
            "imDbRatingCount": "644639"
        },
        {
            "id": "tt5057054",
            "rank": "42",
            "rankUpDown": "+7",
            "title": "Tom Clancy's Jack Ryan",
            "fullTitle": "Tom Clancy's Jack Ryan (2018)",
            "year": "2018",
            "image": "https://m.media-amazon.com/images/M/MV5BODU0MmZjYjktOGQ4MS00N2QwLTk5MzQtYTRkMGRiM2Q4ZjViXkEyXkFqcGdeQXVyMjkwOTAyMDU@._V1_Ratio0.6716_AL_.jpg",
            "crew": "John Krasinski, Wendell Pierce",
            "imDbRating": "8.0",
            "imDbRatingCount": "150195"
        },
        {
            "id": "tt0460681",
            "rank": "43",
            "rankUpDown": "+9",
            "title": "Supernatural",
            "fullTitle": "Supernatural (2005)",
            "year": "2005",
            "image": "https://m.media-amazon.com/images/M/MV5BNzRmZWJhNjUtY2ZkYy00N2MyLWJmNTktOTAwY2VkODVmOGY3XkEyXkFqcGdeQXVyMTkxNjUyNQ@@._V1_Ratio0.6716_AL_.jpg",
            "crew": "Jared Padalecki, Jensen Ackles",
            "imDbRating": "8.4",
            "imDbRatingCount": "459993"
        },
        {
            "id": "tt14661396",
            "rank": "44",
            "rankUpDown": "-27",
            "title": "Queen Charlotte: A Bridgerton Story",
            "fullTitle": "Queen Charlotte: A Bridgerton Story (2023)",
            "year": "2023",
            "image": "https://m.media-amazon.com/images/M/MV5BNWYwNzhhNzMtMWM2Yi00NzdlLTgxNmUtYWI2YTdiNmFmNzQwXkEyXkFqcGdeQXVyMTUzMTg2ODkz._V1_Ratio0.6716_AL_.jpg",
            "crew": "India Amarteifio, Adjoa Andoh",
            "imDbRating": "7.3",
            "imDbRatingCount": "35888"
        },
        {
            "id": "tt5180504",
            "rank": "45",
            "rankUpDown": "+47",
            "title": "The Witcher",
            "fullTitle": "The Witcher (2019)",
            "year": "2019",
            "image": "https://m.media-amazon.com/images/M/MV5BMDEwOWVlY2EtMWI0ZC00OWVmLWJmZGItYTk3YjYzN2Y0YmFkXkEyXkFqcGdeQXVyMTUzMTg2ODkz._V1_Ratio0.6716_AL_.jpg",
            "crew": "Henry Cavill, Freya Allan",
            "imDbRating": "8.1",
            "imDbRatingCount": "520601"
        },
        {
            "id": "tt1586680",
            "rank": "46",
            "rankUpDown": "-4",
            "title": "Shameless",
            "fullTitle": "Shameless (2011)",
            "year": "2011",
            "image": "https://m.media-amazon.com/images/M/MV5BZDgxNjQ2MjMtMjk2Yi00M2Q2LWI0ZDktOGM1NWI5YWUzMjk4XkEyXkFqcGdeQXVyOTA3MTMyOTk@._V1_Ratio0.6716_AL_.jpg",
            "crew": "Emmy Rossum, William H. Macy",
            "imDbRating": "8.6",
            "imDbRatingCount": "256391"
        },
        {
            "id": "tt13918776",
            "rank": "47",
            "rankUpDown": "-14",
            "title": "The Night Agent",
            "fullTitle": "The Night Agent (2023)",
            "year": "2023",
            "image": "https://m.media-amazon.com/images/M/MV5BODgzYmFkZjAtYjhmNC00NDdkLTk4NGYtNDdiODVlNmE3ODkyXkEyXkFqcGdeQXVyNTE1NjY5Mg@@._V1_Ratio0.6716_AL_.jpg",
            "crew": "Gabriel Basso, Luciane Buchanan",
            "imDbRating": "7.5",
            "imDbRatingCount": "80726"
        },
        {
            "id": "tt14271652",
            "rank": "48",
            "rankUpDown": "+325",
            "title": "Joe Pickett",
            "fullTitle": "Joe Pickett (2021)",
            "year": "2021",
            "image": "https://m.media-amazon.com/images/M/MV5BMjkyZGQ3YWQtYjc0ZS00OTE0LTgwZTktZjM1ZDViMzBhNWM3XkEyXkFqcGdeQXVyMTMzOTQyOTk1._V1_Ratio0.6716_AL_.jpg",
            "crew": "Michael Dorman, Julianna Guill",
            "imDbRating": "7.7",
            "imDbRatingCount": "4165"
        },
        {
            "id": "tt15552018",
            "rank": "49",
            "rankUpDown": "-34",
            "title": "American Born Chinese",
            "fullTitle": "American Born Chinese (2023)",
            "year": "2023",
            "image": "https://m.media-amazon.com/images/M/MV5BZTVkYWZkMzUtNDM3OS00NWUyLTllNzQtNTdhYTMzODc0N2MwXkEyXkFqcGdeQXVyMTUzMTg2ODkz._V1_Ratio0.7910_AL_.jpg",
            "crew": "Ben Wang, Yann Yann Yeo",
            "imDbRating": "7.1",
            "imDbRatingCount": "3576"
        },
        {
            "id": "tt13406094",
            "rank": "50",
            "rankUpDown": "+6",
            "title": "The White Lotus",
            "fullTitle": "The White Lotus (2021)",
            "year": "2021",
            "image": "https://m.media-amazon.com/images/M/MV5BYjdjNzBmYjEtM2Y5My00YjI0LWJjY2YtOGQ4MjNkNmE2MDVjXkEyXkFqcGdeQXVyMTEyMjM2NDc2._V1_Ratio0.6716_AL_.jpg",
            "crew": "Jennifer Coolidge, Jon Gries",
            "imDbRating": "7.9",
            "imDbRatingCount": "174361"
        },
        {
            "id": "tt0203259",
            "rank": "51",
            "rankUpDown": "+3",
            "title": "Law & Order: Special Victims Unit",
            "fullTitle": "Law & Order: Special Victims Unit (1999)",
            "year": "1999",
            "image": "https://m.media-amazon.com/images/M/MV5BYmNkN2RlMzktMDgzNi00OWRmLWI3N2ItYzU5ZGUyMzc3MjJhXkEyXkFqcGdeQXVyODUxOTU0OTg@._V1_Ratio0.6716_AL_.jpg",
            "crew": "Mariska Hargitay, Christopher Meloni",
            "imDbRating": "8.1",
            "imDbRatingCount": "114811"
        },
        {
            "id": "tt8111088",
            "rank": "52",
            "rankUpDown": "-12",
            "title": "The Mandalorian",
            "fullTitle": "The Mandalorian (2019)",
            "year": "2019",
            "image": "https://m.media-amazon.com/images/M/MV5BN2M5YWFjN2YtYzU2YS00NzBlLTgwZWUtYWQzNWFhNDkyYjg3XkEyXkFqcGdeQXVyMDM2NDM2MQ@@._V1_Ratio0.6716_AL_.jpg",
            "crew": "Pedro Pascal, Chris Bartlett",
            "imDbRating": "8.7",
            "imDbRatingCount": "547929"
        },
        {
            "id": "tt14269590",
            "rank": "53",
            "rankUpDown": "-7",
            "title": "Poker Face",
            "fullTitle": "Poker Face (2023)",
            "year": "2023",
            "image": "https://m.media-amazon.com/images/M/MV5BNDMyNjAxYTQtMjAyNi00NGQ5LWE0YzUtMTEzNWQ5NjYyNmFjXkEyXkFqcGdeQXVyMDA4NzMyOA@@._V1_Ratio0.6716_AL_.jpg",
            "crew": "Natasha Lyonne, Benjamin Bratt",
            "imDbRating": "7.9",
            "imDbRatingCount": "33146"
        },
        {
            "id": "tt6111130",
            "rank": "54",
            "rankUpDown": "-6",
            "title": "S.W.A.T.",
            "fullTitle": "S.W.A.T. (2017)",
            "year": "2017",
            "image": "https://m.media-amazon.com/images/M/MV5BMTJkMGQxMGItMTlkOC00YWYzLWJhMDEtOTliNjcwNGM1MmFhXkEyXkFqcGdeQXVyNjg4NzAyOTA@._V1_Ratio0.6716_AL_.jpg",
            "crew": "Shemar Moore, Alex Russell",
            "imDbRating": "7.2",
            "imDbRatingCount": "27524"
        },
        {
            "id": "tt2235759",
            "rank": "55",
            "rankUpDown": "-14",
            "title": "The Great",
            "fullTitle": "The Great (2020)",
            "year": "2020",
            "image": "https://m.media-amazon.com/images/M/MV5BYzVmOGNlOTctZGFhZi00MTczLTg1MTEtYTg3ZTNkNjQ2YjRlXkEyXkFqcGdeQXVyNjYxNjc0OTc@._V1_Ratio0.6716_AL_.jpg",
            "crew": "Elle Fanning, Phoebe Fox",
            "imDbRating": "8.2",
            "imDbRatingCount": "48129"
        },
        {
            "id": "tt14671678",
            "rank": "56",
            "rankUpDown": "+69",
            "title": "Deadloch",
            "fullTitle": "Deadloch (2023)",
            "year": "2023",
            "image": "https://m.media-amazon.com/images/M/MV5BYzM0OGNkZDUtZTNlZi00ZDgwLTkxMGItYWNkZmYzOWU5YzMwXkEyXkFqcGdeQXVyOTE1ODYyNDA@._V1_Ratio1.0000_AL_.jpg",
            "crew": "Kate Box, Madeleine Sami",
            "imDbRating": "6.0",
            "imDbRatingCount": "1270"
        },
        {
            "id": "tt11468254",
            "rank": "57",
            "rankUpDown": "-36",
            "title": "White House Plumbers",
            "fullTitle": "White House Plumbers (2023)",
            "year": "2023",
            "image": "https://m.media-amazon.com/images/M/MV5BYTE5YzRlOTItZDk5OS00M2NmLTg1MGUtNDViNDI4MTg1ZWM2XkEyXkFqcGdeQXVyMTUzMTg2ODkz._V1_Ratio0.6716_AL_.jpg",
            "crew": "Woody Harrelson, Justin Theroux",
            "imDbRating": "6.8",
            "imDbRatingCount": "5548"
        },
        {
            "id": "tt3006802",
            "rank": "58",
            "rankUpDown": "+20",
            "title": "Outlander",
            "fullTitle": "Outlander (2014)",
            "year": "2014",
            "image": "https://m.media-amazon.com/images/M/MV5BNGY5NmFmOGItYTY4My00M2JlLTkzYTMtZTUzN2YyZmUzMTlmXkEyXkFqcGdeQXVyMTkxNjUyNQ@@._V1_Ratio0.6716_AL_.jpg",
            "crew": "Caitríona Balfe, Sam Heughan",
            "imDbRating": "8.4",
            "imDbRatingCount": "166292"
        },
        {
            "id": "tt2356777",
            "rank": "59",
            "rankUpDown": "-2",
            "title": "True Detective",
            "fullTitle": "True Detective (2014)",
            "year": "2014",
            "image": "https://m.media-amazon.com/images/M/MV5BMmRlYmE0Y2UtNDk2Yi00NzczLWEwZTEtZmE2OTcyYzcxYmU5XkEyXkFqcGdeQXVyNTMxMjgxMzA@._V1_Ratio0.7015_AL_.jpg",
            "crew": "Vince Vaughn, Colin Farrell",
            "imDbRating": "8.9",
            "imDbRatingCount": "596955"
        },
        {
            "id": "tt0364845",
            "rank": "60",
            "rankUpDown": "-5",
            "title": "NCIS",
            "fullTitle": "NCIS (2003)",
            "year": "2003",
            "image": "https://m.media-amazon.com/images/M/MV5BYjVlMjZhYzYtOGQxNC00OTQxLTk2NzEtMWFmMmNhODA4YjYzXkEyXkFqcGdeQXVyNjQ3MDgwNjY@._V1_Ratio0.6716_AL_.jpg",
            "crew": "David McCallum, Sean Murray",
            "imDbRating": "7.8",
            "imDbRatingCount": "154745"
        },
        {
            "id": "tt22297178",
            "rank": "61",
            "rankUpDown": "+141",
            "title": "Scoop",
            "fullTitle": "Scoop (2023)",
            "year": "2023",
            "image": "https://m.media-amazon.com/images/M/MV5BZDM1ZWY4Y2EtNWQzOC00MTk5LWJjYWQtYjU0ZWI0Y2Q3Mzk2XkEyXkFqcGdeQXVyMTEzMTI1Mjk3._V1_Ratio0.7910_AL_.jpg",
            "crew": "Karishma Tanna, Harman Baweja",
            "imDbRating": "7.7",
            "imDbRatingCount": "2029"
        },
        {
            "id": "tt0452046",
            "rank": "62",
            "rankUpDown": "-1",
            "title": "Criminal Minds",
            "fullTitle": "Criminal Minds (2005)",
            "year": "2005",
            "image": "https://m.media-amazon.com/images/M/MV5BZWVjZWUyMzUtMGRiMS00MzhkLWI5NTQtYjBmZWVlZThjZjFkXkEyXkFqcGdeQXVyMDA4NzMyOA@@._V1_Ratio0.6716_AL_.jpg",
            "crew": "Kirsten Vangsness, Matthew Gray Gubler",
            "imDbRating": "8.1",
            "imDbRatingCount": "208170"
        },
        {
            "id": "tt14403178",
            "rank": "63",
            "rankUpDown": "-13",
            "title": "Beef",
            "fullTitle": "Beef (2023)",
            "year": "2023",
            "image": "https://m.media-amazon.com/images/M/MV5BOTNjOGVkYTctYjE1ZS00MTBhLTlkOTAtMGUzODZlNjAxMGM3XkEyXkFqcGdeQXVyNDk3MzMwMTI@._V1_Ratio0.6716_AL_.jpg",
            "crew": "Steven Yeun, Ali Wong",
            "imDbRating": "8.1",
            "imDbRatingCount": "85134"
        },
        {
            "id": "tt1442437",
            "rank": "64",
            "rankUpDown": "-4",
            "title": "Modern Family",
            "fullTitle": "Modern Family (2009)",
            "year": "2009",
            "image": "https://m.media-amazon.com/images/M/MV5BNzRhNWIxYTEtYjc2NS00YWFlLWFhOGEtMDZiMWM1M2RkNDkyXkEyXkFqcGdeQXVyNjc0MjkzNjc@._V1_Ratio0.6716_AL_.jpg",
            "crew": "Ed O'Neill, Sofía Vergara",
            "imDbRating": "8.5",
            "imDbRatingCount": "452011"
        },
        {
            "id": "tt0898266",
            "rank": "65",
            "rankUpDown": "0",
            "title": "The Big Bang Theory",
            "fullTitle": "The Big Bang Theory (2007)",
            "year": "2007",
            "image": "https://m.media-amazon.com/images/M/MV5BY2FmZTY5YTktOWRlYy00NmIyLWE0ZmQtZDg2YjlmMzczZDZiXkEyXkFqcGdeQXVyNjg4NzAyOTA@._V1_Ratio0.6716_AL_.jpg",
            "crew": "Johnny Galecki, Jim Parsons",
            "imDbRating": "8.2",
            "imDbRatingCount": "830734"
        },
        {
            "id": "tt12327578",
            "rank": "66",
            "rankUpDown": "+8",
            "title": "Star Trek: Strange New Worlds",
            "fullTitle": "Star Trek: Strange New Worlds (2022)",
            "year": "2022",
            "image": "https://m.media-amazon.com/images/M/MV5BYmU5NTc5MzAtMjM4Zi00NGM3LWFlM2QtZDVhNWE2ZDAzODNlXkEyXkFqcGdeQXVyMDM2NDM2MQ@@._V1_Ratio0.6716_AL_.jpg",
            "crew": "Melissa Navia, Christina Chong",
            "imDbRating": "8.2",
            "imDbRatingCount": "38443"
        },
        {
            "id": "tt2442560",
            "rank": "67",
            "rankUpDown": "-3",
            "title": "Peaky Blinders",
            "fullTitle": "Peaky Blinders (2013)",
            "year": "2013",
            "image": "https://m.media-amazon.com/images/M/MV5BZjYzZDgzMmYtYjY5Zi00YTk1LThhMDYtNjFlNzM4MTZhYzgyXkEyXkFqcGdeQXVyMTE5NDQ1MzQ3._V1_Ratio0.7910_AL_.jpg",
            "crew": "Cillian Murphy, Paul Anderson",
            "imDbRating": "8.8",
            "imDbRatingCount": "584126"
        },
        {
            "id": "tt0108778",
            "rank": "68",
            "rankUpDown": "+2",
            "title": "Friends",
            "fullTitle": "Friends (1994)",
            "year": "1994",
            "image": "https://m.media-amazon.com/images/M/MV5BNDVkYjU0MzctMWRmZi00NTkxLTgwZWEtOWVhYjZlYjllYmU4XkEyXkFqcGdeQXVyNTA4NzY1MzY@._V1_Ratio0.6716_AL_.jpg",
            "crew": "Jennifer Aniston, Courteney Cox",
            "imDbRating": "8.9",
            "imDbRatingCount": "1029032"
        },
        {
            "id": "tt3743822",
            "rank": "69",
            "rankUpDown": "-1",
            "title": "Fear the Walking Dead",
            "fullTitle": "Fear the Walking Dead (2015)",
            "year": "2015",
            "image": "https://m.media-amazon.com/images/M/MV5BZWQ2NGZhMTktMzJjZi00ZTNjLTljZjMtMzU0ODU1OWNhOTY1XkEyXkFqcGdeQXVyMTUzMTg2ODkz._V1_Ratio0.6716_AL_.jpg",
            "crew": "Kim Dickens, Frank Dillane",
            "imDbRating": "6.8",
            "imDbRatingCount": "135450"
        },
        {
            "id": "tt27715627",
            "rank": "70",
            "rankUpDown": "+322",
            "title": "Shiny Happy People: Duggar Family Secrets",
            "fullTitle": "Shiny Happy People: Duggar Family Secrets (2023)",
            "year": "2023",
            "image": "https://m.media-amazon.com/images/M/MV5BZjYwNTc1M2MtM2YxMi00YzYyLTkxY2ItY2I3OWE3NDBmNDVmXkEyXkFqcGdeQXVyMjkwOTAyMDU@._V1_Ratio0.6716_AL_.jpg",
            "crew": "Derick Dillard, Jill Duggar Dillard",
            "imDbRating": "7.7",
            "imDbRatingCount": "1679"
        },
        {
            "id": "tt1632701",
            "rank": "71",
            "rankUpDown": "-8",
            "title": "Suits",
            "fullTitle": "Suits (2011)",
            "year": "2011",
            "image": "https://m.media-amazon.com/images/M/MV5BNmVmMmM5ZmItZDg0OC00NTFiLWIxNzctZjNmYTY5OTU3ZWU3XkEyXkFqcGdeQXVyMTQxNzMzNDI@._V1_Ratio0.6716_AL_.jpg",
            "crew": "Gabriel Macht, Patrick J. Adams",
            "imDbRating": "8.4",
            "imDbRatingCount": "426921"
        },
        {
            "id": "tt11280740",
            "rank": "72",
            "rankUpDown": "+4",
            "title": "Severance",
            "fullTitle": "Severance (2022)",
            "year": "2022",
            "image": "https://m.media-amazon.com/images/M/MV5BMjkwZjcwMGQtNDAzOC00YjJiLThiYTgtNWU3ZjRiZmY2YzEzXkEyXkFqcGdeQXVyMTMzNDExODE5._V1_Ratio0.6716_AL_.jpg",
            "crew": "Adam Scott, Zach Cherry",
            "imDbRating": "8.7",
            "imDbRatingCount": "155990"
        },
        {
            "id": "tt2560140",
            "rank": "73",
            "rankUpDown": "-7",
            "title": "Attack on Titan",
            "fullTitle": "Attack on Titan (2013)",
            "year": "2013",
            "image": "https://m.media-amazon.com/images/M/MV5BNDFjYTIxMjctYTQ2ZC00OGQ4LWE3OGYtNDdiMzNiNDZlMDAwXkEyXkFqcGdeQXVyNzI3NjY3NjQ@._V1_Ratio0.7313_AL_.jpg",
            "crew": "Josh Grelle, Bryce Papenbrook",
            "imDbRating": "9.1",
            "imDbRatingCount": "414087"
        },
        {
            "id": "tt11912196",
            "rank": "74",
            "rankUpDown": "+74",
            "title": "Asur: Welcome to Your Dark Side",
            "fullTitle": "Asur: Welcome to Your Dark Side (2020)",
            "year": "2020",
            "image": "https://m.media-amazon.com/images/M/MV5BNjczODVjMmMtNTVlNy00MjlkLWEyZjYtOThiYzMwZmIyNWZkXkEyXkFqcGdeQXVyMTY0NjI3Mjcx._V1_Ratio0.6716_AL_.jpg",
            "crew": "Arshad Warsi, Barun Sobti",
            "imDbRating": "8.5",
            "imDbRatingCount": "57858"
        },
        {
            "id": "tt6470478",
            "rank": "75",
            "rankUpDown": "-4",
            "title": "The Good Doctor",
            "fullTitle": "The Good Doctor (2017)",
            "year": "2017",
            "image": "https://m.media-amazon.com/images/M/MV5BMTViMDJlYzEtOTUxNi00ZTU5LWI5MTYtMGViNTQ4NTVkYTMyXkEyXkFqcGdeQXVyMzAzNTY3MDM@._V1_Ratio0.6716_AL_.jpg",
            "crew": "Freddie Highmore, Hill Harper",
            "imDbRating": "8.0",
            "imDbRatingCount": "103478"
        },
        {
            "id": "tt0185906",
            "rank": "76",
            "rankUpDown": "-29",
            "title": "Band of Brothers",
            "fullTitle": "Band of Brothers (2001)",
            "year": "2001",
            "image": "https://m.media-amazon.com/images/M/MV5BMTI3ODc2ODc0M15BMl5BanBnXkFtZTYwMjgzNjc3._V1_Ratio0.6716_AL_.jpg",
            "crew": "Scott Grimes, Damian Lewis",
            "imDbRating": "9.4",
            "imDbRatingCount": "486051"
        },
        {
            "id": "tt15677150",
            "rank": "77",
            "rankUpDown": "+12",
            "title": "Shrinking",
            "fullTitle": "Shrinking (2023)",
            "year": "2023",
            "image": "https://m.media-amazon.com/images/M/MV5BYzhjMDIwOTgtYmMwNC00ZDIyLWJiMzUtMDM0YTY3M2VmOWNiXkEyXkFqcGdeQXVyMjkwOTAyMDU@._V1_Ratio0.6716_AL_.jpg",
            "crew": "Jason Segel, Jessica Williams",
            "imDbRating": "8.0",
            "imDbRatingCount": "46208"
        },
        {
            "id": "tt0412142",
            "rank": "78",
            "rankUpDown": "-3",
            "title": "House",
            "fullTitle": "House (2004)",
            "year": "2004",
            "image": "https://m.media-amazon.com/images/M/MV5BMDA4NjQzN2ItZDhhNC00ZjVlLWFjNTgtMTEyNDQyOGNjMDE1XkEyXkFqcGdeQXVyNTA4NzY1MzY@._V1_Ratio0.6716_AL_.jpg",
            "crew": "Hugh Laurie, Omar Epps",
            "imDbRating": "8.7",
            "imDbRatingCount": "481107"
        },
        {
            "id": "tt0306414",
            "rank": "79",
            "rankUpDown": "-7",
            "title": "The Wire",
            "fullTitle": "The Wire (2002)",
            "year": "2002",
            "image": "https://m.media-amazon.com/images/M/MV5BNTllYzFhMjAtZjExNS00MjM4LWE5YmMtOGFiZGRlOTU5YzJiXkEyXkFqcGdeQXVyNDIzMzcwNjc@._V1_Ratio0.6716_AL_.jpg",
            "crew": "Dominic West, Lance Reddick",
            "imDbRating": "9.3",
            "imDbRatingCount": "354016"
        },
        {
            "id": "tt10233448",
            "rank": "80",
            "rankUpDown": "+26",
            "title": "Vinland Saga",
            "fullTitle": "Vinland Saga (2019)",
            "year": "2019",
            "image": "https://m.media-amazon.com/images/M/MV5BNzQwODI4Y2YtNjFmNC00NTExLWE0NzYtMTUzNjA0YzBhY2YyXkEyXkFqcGdeQXVyMTMxMTYzNDkz._V1_Ratio0.7015_AL_.jpg",
            "crew": "Yûto Uemura, Mike Haimoto",
            "imDbRating": "8.8",
            "imDbRatingCount": "51699"
        },
        {
            "id": "tt3428912",
            "rank": "81",
            "rankUpDown": "+13",
            "title": "Happy Valley",
            "fullTitle": "Happy Valley (2014)",
            "year": "2014",
            "image": "https://m.media-amazon.com/images/M/MV5BNTBmYTQ5ZDYtM2NjMC00M2Q2LTg4NDAtODUxZTk0ZmFjMGVjXkEyXkFqcGdeQXVyNzQ5MzY0NjM@._V1_Ratio0.7313_AL_.jpg",
            "crew": "Sarah Lancashire, Siobhan Finneran",
            "imDbRating": "8.5",
            "imDbRatingCount": "55941"
        },
        {
            "id": "tt14490706",
            "rank": "82",
            "rankUpDown": "-50",
            "title": "XO, Kitty",
            "fullTitle": "XO, Kitty (2023)",
            "year": "2023",
            "image": "https://m.media-amazon.com/images/M/MV5BMDE3YzMyNmEtODU2YS00MTg1LThkNWEtYzkyYTI4M2YzNjE2XkEyXkFqcGdeQXVyMTEzMTI1Mjk3._V1_Ratio0.7910_AL_.jpg",
            "crew": "Anna Cathcart, Minyeong Choi",
            "imDbRating": "6.6",
            "imDbRatingCount": "6977"
        },
        {
            "id": "tt0411008",
            "rank": "83",
            "rankUpDown": "-10",
            "title": "Lost",
            "fullTitle": "Lost (2004)",
            "year": "2004",
            "image": "https://m.media-amazon.com/images/M/MV5BNzhlY2E5NDUtYjJjYy00ODg3LWFkZWQtYTVmMzU4ZWZmOWJkXkEyXkFqcGdeQXVyNTA4NzY1MzY@._V1_Ratio0.6716_AL_.jpg",
            "crew": "Jorge Garcia, Josh Holloway",
            "imDbRating": "8.3",
            "imDbRatingCount": "569374"
        },
        {
            "id": "tt0460627",
            "rank": "84",
            "rankUpDown": "+1",
            "title": "Bones",
            "fullTitle": "Bones (2005)",
            "year": "2005",
            "image": "https://m.media-amazon.com/images/M/MV5BMjA3ODMxMzM5NF5BMl5BanBnXkFtZTgwMDM1NjU0OTE@._V1_Ratio0.6716_AL_.jpg",
            "crew": "Emily Deschanel, David Boreanaz",
            "imDbRating": "7.8",
            "imDbRatingCount": "167036"
        },
        {
            "id": "tt1489428",
            "rank": "85",
            "rankUpDown": "+5",
            "title": "Justified",
            "fullTitle": "Justified (2010)",
            "year": "2010",
            "image": "https://m.media-amazon.com/images/M/MV5BNzRjNGVhNDMtODI0ZS00NGNhLWE2MTctMGRkMzdhZmQ1YWY4XkEyXkFqcGdeQXVyNDIzMzcwNjc@._V1_Ratio0.6716_AL_.jpg",
            "crew": "Timothy Olyphant, Nick Searcy",
            "imDbRating": "8.6",
            "imDbRatingCount": "105991"
        },
        {
            "id": "tt17921714",
            "rank": "86",
            "rankUpDown": "-35",
            "title": "A Small Light",
            "fullTitle": "A Small Light (2023)",
            "year": "2023",
            "image": "https://m.media-amazon.com/images/M/MV5BYzVhNDVjMjktOGU1NC00ZjRmLWIxZjgtNjkzM2Y1M2ZjNTc0XkEyXkFqcGdeQXVyMTQzNTA5MzYz._V1_Ratio0.7910_AL_.jpg",
            "crew": "Bel Powley, Joe Cole",
            "imDbRating": "8.5",
            "imDbRatingCount": "5036"
        },
        {
            "id": "tt0388629",
            "rank": "87",
            "rankUpDown": "-18",
            "title": "One Piece",
            "fullTitle": "One Piece (1999)",
            "year": "1999",
            "image": "https://m.media-amazon.com/images/M/MV5BODcwNWE3OTMtMDc3MS00NDFjLWE1OTAtNDU3NjgxODMxY2UyXkEyXkFqcGdeQXVyNTAyODkwOQ@@._V1_Ratio0.6716_AL_.jpg",
            "crew": "Mayumi Tanaka, Laurent Vernin",
            "imDbRating": "8.9",
            "imDbRatingCount": "147004"
        },
        {
            "id": "tt8740790",
            "rank": "88",
            "rankUpDown": "-29",
            "title": "Bridgerton",
            "fullTitle": "Bridgerton (2020)",
            "year": "2020",
            "image": "https://m.media-amazon.com/images/M/MV5BNjk4MDdhODctMmFhYi00ZTNhLThlN2UtN2NhZGY0OGFlMWEwXkEyXkFqcGdeQXVyODk4OTc3MTY@._V1_Ratio0.6716_AL_.jpg",
            "crew": "Nicola Coughlan, Julie Andrews",
            "imDbRating": "7.4",
            "imDbRatingCount": "151240"
        },
        {
            "id": "tt18335752",
            "rank": "89",
            "rankUpDown": "-2",
            "title": "1923",
            "fullTitle": "1923 (2022)",
            "year": "2022",
            "image": "https://m.media-amazon.com/images/M/MV5BZWZhNGJjMGUtYmVhZi00NDFiLWE2NWMtYjE1OGZmNGMxNDk4XkEyXkFqcGdeQXVyMjkwOTAyMDU@._V1_Ratio0.6716_AL_.jpg",
            "crew": "Harrison Ford, Helen Mirren",
            "imDbRating": "8.4",
            "imDbRatingCount": "36583"
        },
        {
            "id": "tt0436992",
            "rank": "90",
            "rankUpDown": "-4",
            "title": "Doctor Who",
            "fullTitle": "Doctor Who (2005)",
            "year": "2005",
            "image": "https://m.media-amazon.com/images/M/MV5BZWJhYjFmZDEtNTVlYy00NGExLWJhZWItNTAxODY5YTc3MDFmXkEyXkFqcGdeQXVyMTkxNjUyNQ@@._V1_Ratio0.7015_AL_.jpg",
            "crew": "Jodie Whittaker, Peter Capaldi",
            "imDbRating": "8.6",
            "imDbRatingCount": "231850"
        },
        {
            "id": "tt14351748",
            "rank": "91",
            "rankUpDown": "-54",
            "title": "Fatal Attraction",
            "fullTitle": "Fatal Attraction (2023)",
            "year": "2023",
            "image": "https://m.media-amazon.com/images/M/MV5BZDYyY2RiNmMtMDExNC00NTE0LTk5NzktODllMTUwOGMzZjkzXkEyXkFqcGdeQXVyMDM2NDM2MQ@@._V1_Ratio0.6716_AL_.jpg",
            "crew": "Joshua Jackson, Lizzy Caplan",
            "imDbRating": "6.3",
            "imDbRatingCount": "3024"
        },
        {
            "id": "tt20259432",
            "rank": "92",
            "rankUpDown": "-25",
            "title": "The Clearing",
            "fullTitle": "The Clearing (2023)",
            "year": "2023",
            "image": "https://m.media-amazon.com/images/M/MV5BYTA3MTg2NjMtMzBiZS00ZWU2LTk2NjctOTBiMTY2ZGQwNmU5XkEyXkFqcGdeQXVyMTUwMjg2Nzg0._V1_Ratio0.7910_AL_.jpg",
            "crew": "Teresa Palmer, Guy Pearce",
            "imDbRating": "6.1",
            "imDbRatingCount": "765"
        },
        {
            "id": "tt11198330",
            "rank": "93",
            "rankUpDown": "-2",
            "title": "House of the Dragon",
            "fullTitle": "House of the Dragon (2022)",
            "year": "2022",
            "image": "https://m.media-amazon.com/images/M/MV5BZjBiOGIyY2YtOTA3OC00YzY1LThkYjktMGRkYTNhNTExY2I2XkEyXkFqcGdeQXVyMTEyMjM2NDc2._V1_Ratio0.6716_AL_.jpg",
            "crew": "Matt Smith, Graham McTavish",
            "imDbRating": "8.5",
            "imDbRatingCount": "329887"
        },
        {
            "id": "tt9288030",
            "rank": "94",
            "rankUpDown": "-10",
            "title": "Reacher",
            "fullTitle": "Reacher (2022)",
            "year": "2022",
            "image": "https://m.media-amazon.com/images/M/MV5BNzQ4MGYzYzAtNjJlOC00NTdkLTlmNTAtMmZjMzZmZTg2YTEzXkEyXkFqcGdeQXVyMjkwOTAyMDU@._V1_Ratio0.6716_AL_.jpg",
            "crew": "Alan Ritchson, Malcolm Goodwin",
            "imDbRating": "8.1",
            "imDbRatingCount": "140735"
        },
        {
            "id": "tt0159206",
            "rank": "95",
            "rankUpDown": "+5",
            "title": "Sex and the City",
            "fullTitle": "Sex and the City (1998)",
            "year": "1998",
            "image": "https://m.media-amazon.com/images/M/MV5BNGEyNDRjM2QtY2VlYy00OWRhLWI4N2UtZTM4NDc0MGM0YzBkXkEyXkFqcGdeQXVyNjk1Njg5NTA@._V1_Ratio0.6716_AL_.jpg",
            "crew": "Sarah Jessica Parker, Kim Cattrall",
            "imDbRating": "7.3",
            "imDbRatingCount": "132432"
        },
        {
            "id": "tt20268688",
            "rank": "96",
            "rankUpDown": "-61",
            "title": "Turn of the Tide",
            "fullTitle": "Turn of the Tide (2023)",
            "year": "2023",
            "image": "https://m.media-amazon.com/images/M/MV5BOThmNWU0NGUtODg0MS00Mjg2LTg2NmEtZmNmYjRhMWU5MjBlXkEyXkFqcGdeQXVyMTU1ODM4MDgw._V1_Ratio0.7910_AL_.jpg",
            "crew": "José Condessa, Helena Caldeira",
            "imDbRating": "7.8",
            "imDbRatingCount": "3908"
        },
        {
            "id": "tt5715524",
            "rank": "97",
            "rankUpDown": "-16",
            "title": "Mayans M.C.",
            "fullTitle": "Mayans M.C. (2018)",
            "year": "2018",
            "image": "https://m.media-amazon.com/images/M/MV5BMzE1M2RjNTgtZGE4My00YjUyLTliMWItMTQ4MGVlMmQ2MTVmXkEyXkFqcGdeQXVyODg3NzA4NTA@._V1_Ratio0.7910_AL_.jpg",
            "crew": "Michael Irby, Frankie Loyal",
            "imDbRating": "7.6",
            "imDbRatingCount": "20796"
        },
        {
            "id": "tt8531222",
            "rank": "98",
            "rankUpDown": "-21",
            "title": "Dave",
            "fullTitle": "Dave (2020)",
            "year": "2020",
            "image": "https://m.media-amazon.com/images/M/MV5BY2Y4ZjNhZDctZjA3YS00YjVjLWIzNjktMjdlOTZkYzMyNjYwXkEyXkFqcGdeQXVyMzQ2MDI5NjU@._V1_Ratio0.7910_AL_.jpg",
            "crew": "Dave Burd, Andrew Santino",
            "imDbRating": "8.3",
            "imDbRatingCount": "22688"
        },
        {
            "id": "tt14452776",
            "rank": "99",
            "rankUpDown": "+15",
            "title": "The Bear",
            "fullTitle": "The Bear (2022)",
            "year": "2022",
            "image": "https://m.media-amazon.com/images/M/MV5BYmM4MjBkNGMtZjE5Zi00ZDMwLWE5MjYtN2M0MTM2YTQ2MmNlXkEyXkFqcGdeQXVyMjkwOTAyMDU@._V1_Ratio0.6716_AL_.jpg",
            "crew": "Jeremy Allen White, Ebon Moss-Bachrach",
            "imDbRating": "8.4",
            "imDbRatingCount": "93702"
        },
        {
            "id": "tt1869454",
            "rank": "100",
            "rankUpDown": "+279",
            "title": "Good Omens",
            "fullTitle": "Good Omens (2019)",
            "year": "2019",
            "image": "https://m.media-amazon.com/images/M/MV5BZmMzZTNkMTYtOWNmNC00NGU3LThlZTYtNDU2NDQ5YTdjMzUzXkEyXkFqcGdeQXVyMjkwOTAyMDU@._V1_Ratio0.7910_AL_.jpg",
            "crew": "David Tennant, Michael Sheen",
            "imDbRating": "8.0",
            "imDbRatingCount": "83394"
        }
    ],
    "errorMessage": ""
}