{
    "items": [
        {
            "id": "tt9362722",
            "rank": "1",
            "rankUpDown": "+1",
            "title": "Spider-Man: Across the Spider-Verse",
            "fullTitle": "Spider-Man: Across the Spider-Verse (2023)",
            "year": "2023",
            "image": "https://m.media-amazon.com/images/M/MV5BNzQ1ODUzYjktMzRiMS00ODNiLWI4NzQtOTRiN2VlNTNmODFjXkEyXkFqcGdeQXVyMTkxNjUyNQ@@._V1_Ratio0.6716_AL_.jpg",
            "crew": "Joaquim Dos Santos (dir.), Shameik Moore, Hailee Steinfeld",
            "imDbRating": "9.0",
            "imDbRatingCount": "114173"
        },
        {
            "id": "tt5971474",
            "rank": "2",
            "rankUpDown": "-1",
            "title": "The Little Mermaid",
            "fullTitle": "The Little Mermaid (2023)",
            "year": "2023",
            "image": "https://m.media-amazon.com/images/M/MV5BYTUxYjczMWUtYzlkZC00NTcwLWE3ODQtN2I2YTIxOTU0ZTljXkEyXkFqcGdeQXVyMTkxNjUyNQ@@._V1_Ratio0.6716_AL_.jpg",
            "crew": "Rob Marshall (dir.), Halle Bailey, Jonah Hauer-King",
            "imDbRating": "7.2",
            "imDbRatingCount": "79987"
        },
        {
            "id": "tt5090568",
            "rank": "3",
            "rankUpDown": "+24",
            "title": "Transformers: Rise of the Beasts",
            "fullTitle": "Transformers: Rise of the Beasts (2023)",
            "year": "2023",
            "image": "https://m.media-amazon.com/images/M/MV5BZTNiNDA4NmMtNTExNi00YmViLWJkMDAtMDAxNmRjY2I2NDVjXkEyXkFqcGdeQXVyMDM2NDM2MQ@@._V1_Ratio0.6716_AL_.jpg",
            "crew": "Steven Caple Jr. (dir.), Anthony Ramos, Dominique Fishback",
            "imDbRating": "6.6",
            "imDbRatingCount": "17182"
        },
        {
            "id": "tt3291150",
            "rank": "4",
            "rankUpDown": "+62",
            "title": "Expend4bles",
            "fullTitle": "Expend4bles (2023)",
            "year": "2023",
            "image": "https://m.media-amazon.com/images/M/MV5BMjkwNWU2NjQtODVjNS00ZDg1LThkODEtM2RkYTYwYjBkZTA2XkEyXkFqcGdeQXVyMTUzMTg2ODkz._V1_Ratio0.6716_AL_.jpg",
            "crew": "Scott Waugh (dir.), Jason Statham, 50 Cent",
            "imDbRating": "",
            "imDbRatingCount": "0"
        },
        {
            "id": "tt4633694",
            "rank": "5",
            "rankUpDown": "+10",
            "title": "Spider-Man: Into the Spider-Verse",
            "fullTitle": "Spider-Man: Into the Spider-Verse (2018)",
            "year": "2018",
            "image": "https://m.media-amazon.com/images/M/MV5BMjMwNDkxMTgzOF5BMl5BanBnXkFtZTgwNTkwNTQ3NjM@._V1_Ratio0.6716_AL_.jpg",
            "crew": "Bob Persichetti (dir.), Shameik Moore, Jake Johnson",
            "imDbRating": "8.4",
            "imDbRatingCount": "584869"
        },
        {
            "id": "tt0439572",
            "rank": "6",
            "rankUpDown": "+3",
            "title": "The Flash",
            "fullTitle": "The Flash (2023)",
            "year": "2023",
            "image": "https://m.media-amazon.com/images/M/MV5BMDY0MGJlYzktNzZiNS00MWZhLWJjNWEtNmJmZTg3NjMwZDYwXkEyXkFqcGdeQXVyMTUzOTcyODA5._V1_Ratio0.6716_AL_.jpg",
            "crew": "Andy Muschietti (dir.), Sasha Calle, Ben Affleck",
            "imDbRating": "7.5",
            "imDbRatingCount": "4974"
        },
        {
            "id": "tt1630029",
            "rank": "7",
            "rankUpDown": "+43",
            "title": "Avatar: The Way of Water",
            "fullTitle": "Avatar: The Way of Water (2022)",
            "year": "2022",
            "image": "https://m.media-amazon.com/images/M/MV5BYjhiNjBlODctY2ZiOC00YjVlLWFlNzAtNTVhNzM1YjI1NzMxXkEyXkFqcGdeQXVyMjQxNTE1MDA@._V1_Ratio0.7015_AL_.jpg",
            "crew": "James Cameron (dir.), Sam Worthington, Zoe Saldana",
            "imDbRating": "7.7",
            "imDbRatingCount": "401583"
        },
        {
            "id": "tt5433140",
            "rank": "8",
            "rankUpDown": "-3",
            "title": "Fast X",
            "fullTitle": "Fast X (2023)",
            "year": "2023",
            "image": "https://m.media-amazon.com/images/M/MV5BNzZmOTU1ZTEtYzVhNi00NzQxLWI5ZjAtNWNhNjEwY2E3YmZjXkEyXkFqcGdeQXVyODk4OTc3MTY@._V1_Ratio0.6716_AL_.jpg",
            "crew": "Louis Leterrier (dir.), Vin Diesel, Michelle Rodriguez",
            "imDbRating": "6.0",
            "imDbRatingCount": "54680"
        },
        {
            "id": "tt10366206",
            "rank": "9",
            "rankUpDown": "-6",
            "title": "John Wick: Chapter 4",
            "fullTitle": "John Wick: Chapter 4 (2023)",
            "year": "2023",
            "image": "https://m.media-amazon.com/images/M/MV5BMDExZGMyOTMtMDgyYi00NGIwLWJhMTEtOTdkZGFjNmZiMTEwXkEyXkFqcGdeQXVyMjM4NTM5NDY@._V1_Ratio0.6716_AL_.jpg",
            "crew": "Chad Stahelski (dir.), Keanu Reeves, Laurence Fishburne",
            "imDbRating": "7.9",
            "imDbRatingCount": "205848"
        },
        {
            "id": "tt3427252",
            "rank": "10",
            "rankUpDown": "+10",
            "title": "The Boogeyman",
            "fullTitle": "The Boogeyman (2023)",
            "year": "2023",
            "image": "https://m.media-amazon.com/images/M/MV5BNzNkYmE1NDYtMmI4Mi00YjU2LTkxZDEtMWI0ZDE4MTczZDRjXkEyXkFqcGdeQXVyMDM2NDM2MQ@@._V1_Ratio0.6716_AL_.jpg",
            "crew": "Rob Savage (dir.), Sophie Thatcher, Chris Messina",
            "imDbRating": "6.1",
            "imDbRatingCount": "7349"
        },
        {
            "id": "tt6791350",
            "rank": "11",
            "rankUpDown": "-5",
            "title": "Guardians of the Galaxy Vol. 3",
            "fullTitle": "Guardians of the Galaxy Vol. 3 (2023)",
            "year": "2023",
            "image": "https://m.media-amazon.com/images/M/MV5BMDgxOTdjMzYtZGQxMS00ZTAzLWI4Y2UtMTQzN2VlYjYyZWRiXkEyXkFqcGdeQXVyMTkxNjUyNQ@@._V1_Ratio0.6716_AL_.jpg",
            "crew": "James Gunn (dir.), Chris Pratt, Chukwudi Iwuji",
            "imDbRating": "8.2",
            "imDbRatingCount": "168475"
        },
        {
            "id": "tt1517268",
            "rank": "12",
            "rankUpDown": "-8",
            "title": "Barbie",
            "fullTitle": "Barbie (2023)",
            "year": "2023",
            "image": "https://m.media-amazon.com/images/M/MV5BOWIwZGY0OTYtZjUzYy00NzRmLTg5YzgtYWMzNWQ0MmZiY2MwXkEyXkFqcGdeQXVyMTUzMTg2ODkz._V1_Ratio0.6716_AL_.jpg",
            "crew": "Greta Gerwig (dir.), Margot Robbie, Hari Nef",
            "imDbRating": "",
            "imDbRatingCount": "0"
        },
        {
            "id": "tt4873118",
            "rank": "13",
            "rankUpDown": "+6",
            "title": "The Covenant",
            "fullTitle": "The Covenant (2023)",
            "year": "2023",
            "image": "https://m.media-amazon.com/images/M/MV5BNmQzOWZhOTMtZTcxNC00MTdkLWEwYmUtOWVmOTFhNTdkNjRkXkEyXkFqcGdeQXVyODk2NDQ3MTA@._V1_Ratio0.6716_AL_.jpg",
            "crew": "Guy Ritchie (dir.), Jake Gyllenhaal, Dar Salim",
            "imDbRating": "7.5",
            "imDbRatingCount": "53057"
        },
        {
            "id": "tt6718170",
            "rank": "14",
            "rankUpDown": "-6",
            "title": "The Super Mario Bros. Movie",
            "fullTitle": "The Super Mario Bros. Movie (2023)",
            "year": "2023",
            "image": "https://m.media-amazon.com/images/M/MV5BOTJhNzlmNzctNTU5Yy00N2YwLThhMjQtZDM0YjEzN2Y0ZjNhXkEyXkFqcGdeQXVyMTEwMTQ4MzU5._V1_Ratio0.6716_AL_.jpg",
            "crew": "Aaron Horvath (dir.), Chris Pratt, Anya Taylor-Joy",
            "imDbRating": "7.2",
            "imDbRatingCount": "141402"
        },
        {
            "id": "tt2906216",
            "rank": "15",
            "rankUpDown": "-8",
            "title": "Dungeons & Dragons: Honor Among Thieves",
            "fullTitle": "Dungeons & Dragons: Honor Among Thieves (2023)",
            "year": "2023",
            "image": "https://m.media-amazon.com/images/M/MV5BNmFkN2M2NzItOTY5YS00MmE2LTk3ZjctNTk2YzQ5ZmRiYzJjXkEyXkFqcGdeQXVyMjkwOTAyMDU@._V1_Ratio0.6716_AL_.jpg",
            "crew": "John Francis Daley (dir.), Chris Pine, Michelle Rodriguez",
            "imDbRating": "7.3",
            "imDbRatingCount": "129438"
        },
        {
            "id": "tt5537002",
            "rank": "16",
            "rankUpDown": "-6",
            "title": "Killers of the Flower Moon",
            "fullTitle": "Killers of the Flower Moon (2023)",
            "year": "2023",
            "image": "https://m.media-amazon.com/images/M/MV5BZmMyMDc4NWMtZmUzNC00ZjczLWE1ZmYtYWQ3ZTk4ODBmYzE2XkEyXkFqcGdeQXVyMTkxNjUyNQ@@._V1_Ratio1.5075_AL_.jpg",
            "crew": "Martin Scorsese (dir.), Leonardo DiCaprio, Robert De Niro",
            "imDbRating": "9.4",
            "imDbRatingCount": "1313"
        },
        {
            "id": "tt15398776",
            "rank": "17",
            "rankUpDown": "+6",
            "title": "Oppenheimer",
            "fullTitle": "Oppenheimer (2023)",
            "year": "2023",
            "image": "https://m.media-amazon.com/images/M/MV5BMDEzNDdjYTctNjA4ZS00ZDgzLTkxNmUtMTQwMzUyMmFhMWRhXkEyXkFqcGdeQXVyMTUzMTg2ODkz._V1_Ratio0.6716_AL_.jpg",
            "crew": "Christopher Nolan (dir.), Cillian Murphy, Emily Blunt",
            "imDbRating": "",
            "imDbRatingCount": "0"
        },
        {
            "id": "tt15282148",
            "rank": "18",
            "rankUpDown": "+49",
            "title": "A Beautiful Life",
            "fullTitle": "A Beautiful Life (2023)",
            "year": "2023",
            "image": "https://m.media-amazon.com/images/M/MV5BMGUyYjQwMjAtZWYxOS00NzQzLTgwMjItZDk2YzJmOWQ3NTFmXkEyXkFqcGdeQXVyMTUyMzg5NzM2._V1_Ratio0.7015_AL_.jpg",
            "crew": "Mehdi Avaz (dir.), Christopher, Inga Ibsdotter Lilleaas",
            "imDbRating": "6.4",
            "imDbRatingCount": "2999"
        },
        {
            "id": "tt14230388",
            "rank": "19",
            "rankUpDown": "+3",
            "title": "Asteroid City",
            "fullTitle": "Asteroid City (2023)",
            "year": "2023",
            "image": "https://m.media-amazon.com/images/M/MV5BNDJmMzY0ZGUtYWE1My00OWViLTg1NTctOWMwZWJlNDQzNGRiXkEyXkFqcGdeQXVyMjkwOTAyMDU@._V1_Ratio0.6716_AL_.jpg",
            "crew": "Wes Anderson (dir.), Jason Schwartzman, Scarlett Johansson",
            "imDbRating": "6.9",
            "imDbRatingCount": "1758"
        },
        {
            "id": "tt1462764",
            "rank": "20",
            "rankUpDown": "+5",
            "title": "Indiana Jones and the Dial of Destiny",
            "fullTitle": "Indiana Jones and the Dial of Destiny (2023)",
            "year": "2023",
            "image": "https://m.media-amazon.com/images/M/MV5BNDJhODYxYzItOGIwZC00ZTBiLTlmN2MtMjM2MzQyZDVkMGM4XkEyXkFqcGdeQXVyMTUzMDA3Mjc2._V1_Ratio0.7910_AL_.jpg",
            "crew": "James Mangold (dir.), Harrison Ford, Karen Allen",
            "imDbRating": "",
            "imDbRatingCount": "0"
        },
        {
            "id": "tt16419074",
            "rank": "21",
            "rankUpDown": "-9",
            "title": "Air",
            "fullTitle": "Air (2023)",
            "year": "2023",
            "image": "https://m.media-amazon.com/images/M/MV5BYmNlOTNlYjUtM2U3Yy00M2ZjLTkxZDQtN2NiNGZiZDI0ZjE3XkEyXkFqcGdeQXVyMTUzMTg2ODkz._V1_Ratio0.6716_AL_.jpg",
            "crew": "Ben Affleck (dir.), Matt Damon, Jason Bateman",
            "imDbRating": "7.5",
            "imDbRatingCount": "104253"
        },
        {
            "id": "tt21867434",
            "rank": "22",
            "rankUpDown": "+23",
            "title": "BlackBerry",
            "fullTitle": "BlackBerry (2023)",
            "year": "2023",
            "image": "https://m.media-amazon.com/images/M/MV5BMDNhZWU4NTQtYjk1NS00MTM1LTg3ODYtMzE0MjQ2YTI5MGM4XkEyXkFqcGdeQXVyMDc5ODIzMw@@._V1_Ratio0.6716_AL_.jpg",
            "crew": "Matt Johnson (dir.), Jay Baruchel, Glenn Howerton",
            "imDbRating": "7.5",
            "imDbRatingCount": "8762"
        },
        {
            "id": "tt14537248",
            "rank": "23",
            "rankUpDown": "+77",
            "title": "Nefarious",
            "fullTitle": "Nefarious (2023)",
            "year": "2023",
            "image": "https://m.media-amazon.com/images/M/MV5BNmY4NTlkNTEtNDBjMS00ZTJiLWFlZDMtNWY0MWFlZmNjMTFlXkEyXkFqcGdeQXVyMzQxODQzMTE@._V1_Ratio0.6716_AL_.jpg",
            "crew": "Chuck Konzelman (dir.), Sean Patrick Flanery, Jordan Belfi",
            "imDbRating": "6.3",
            "imDbRatingCount": "7329"
        },
        {
            "id": "tt9013340",
            "rank": "24",
            "rankUpDown": "+19",
            "title": "Fool's Paradise",
            "fullTitle": "Fool's Paradise (2023)",
            "year": "2023",
            "image": "https://m.media-amazon.com/images/M/MV5BZjcyOTk3YTAtMzFlYi00M2U1LTk4ZDUtNTFjZGI3NGYxY2I3XkEyXkFqcGdeQXVyMTQzNTA5MzYz._V1_Ratio0.6716_AL_.jpg",
            "crew": "Charlie Day (dir.), Charlie Day, Ken Jeong",
            "imDbRating": "4.8",
            "imDbRatingCount": "2107"
        },
        {
            "id": "tt8080204",
            "rank": "25",
            "rankUpDown": "-12",
            "title": "Hypnotic",
            "fullTitle": "Hypnotic (2023)",
            "year": "2023",
            "image": "https://m.media-amazon.com/images/M/MV5BNmNmNWNiMjUtZmYyMC00OWVhLThmMTItNjkxYzU4Yzk2NTdlXkEyXkFqcGdeQXVyMDc5ODIzMw@@._V1_Ratio0.6716_AL_.jpg",
            "crew": "Robert Rodriguez (dir.), Ben Affleck, Alice Braga",
            "imDbRating": "5.4",
            "imDbRatingCount": "11099"
        },
        {
            "id": "tt15671028",
            "rank": "26",
            "rankUpDown": "-2",
            "title": "No Hard Feelings",
            "fullTitle": "No Hard Feelings (2023)",
            "year": "2023",
            "image": "https://m.media-amazon.com/images/M/MV5BMjg3N2M3OWUtZGQ3NC00OGI1LTllZDUtMTdiYWQxMTk0YTg2XkEyXkFqcGdeQXVyODk4OTc3MTY@._V1_Ratio0.6716_AL_.jpg",
            "crew": "Gene Stupnitsky (dir.), Jennifer Lawrence, Natalie Morales",
            "imDbRating": "",
            "imDbRatingCount": "0"
        },
        {
            "id": "tt24068064",
            "rank": "27",
            "rankUpDown": "-9",
            "title": "Reality",
            "fullTitle": "Reality (2023)",
            "year": "2023",
            "image": "https://m.media-amazon.com/images/M/MV5BZTYxYmMyOWItZGNiZC00YmU3LThmNGUtZjdlYzhmNjc1N2YxXkEyXkFqcGdeQXVyMTkxNjUyNQ@@._V1_Ratio0.6716_AL_.jpg",
            "crew": "Tina Satter (dir.), Sydney Sweeney, Josh Hamilton",
            "imDbRating": "6.7",
            "imDbRatingCount": "5890"
        },
        {
            "id": "tt10638522",
            "rank": "28",
            "rankUpDown": "+896",
            "title": "Talk to Me",
            "fullTitle": "Talk to Me (2022)",
            "year": "2022",
            "image": "https://m.media-amazon.com/images/M/MV5BMmY5ZGE4NmUtZWI4OS00ZWJmLWFjMzgtOWUyZjI4NDg3Y2E5XkEyXkFqcGdeQXVyMTkxNjUyNQ@@._V1_Ratio0.6716_AL_.jpg",
            "crew": "Danny Philippou (dir.), Sophie Wilde, Joe Bird",
            "imDbRating": "7.4",
            "imDbRatingCount": "599"
        },
        {
            "id": "tt14846026",
            "rank": "29",
            "rankUpDown": "-8",
            "title": "Sisu",
            "fullTitle": "Sisu (2022)",
            "year": "2022",
            "image": "https://m.media-amazon.com/images/M/MV5BMWYwMzNkOWEtNjA3YS00YjE5LTlkMjYtMmRjMjExNjA1NDM0XkEyXkFqcGdeQXVyMjM4NTM5NDY@._V1_Ratio0.6716_AL_.jpg",
            "crew": "Jalmari Helander (dir.), Jorma Tommila, Aksel Hennie",
            "imDbRating": "6.9",
            "imDbRatingCount": "35081"
        },
        {
            "id": "tt0467406",
            "rank": "30",
            "rankUpDown": "+689",
            "title": "Juno",
            "fullTitle": "Juno (2007)",
            "year": "2007",
            "image": "https://m.media-amazon.com/images/M/MV5BMTIwMDgwODc5Nl5BMl5BanBnXkFtZTYwMjQzMDM4._V1_Ratio0.6716_AL_.jpg",
            "crew": "Jason Reitman (dir.), Elliot Page, Michael Cera",
            "imDbRating": "7.5",
            "imDbRatingCount": "533850"
        },
        {
            "id": "tt11040844",
            "rank": "31",
            "rankUpDown": "-20",
            "title": "The Machine",
            "fullTitle": "The Machine (2023)",
            "year": "2023",
            "image": "https://m.media-amazon.com/images/M/MV5BNjAwMzk1YzEtOGJjOS00Mjg3LTllNGItMGYxNWI0ZTI1MTk3XkEyXkFqcGdeQXVyMDA4NzMyOA@@._V1_Ratio0.6716_AL_.jpg",
            "crew": "Peter Atencio (dir.), Bert Kreischer, Mark Hamill",
            "imDbRating": "6.5",
            "imDbRatingCount": "3632"
        },
        {
            "id": "tt10954600",
            "rank": "32",
            "rankUpDown": "-15",
            "title": "Ant-Man and the Wasp: Quantumania",
            "fullTitle": "Ant-Man and the Wasp: Quantumania (2023)",
            "year": "2023",
            "image": "https://m.media-amazon.com/images/M/MV5BODZhNzlmOGItMWUyYS00Y2Q5LWFlNzMtM2I2NDFkM2ZkYmE1XkEyXkFqcGdeQXVyMTU5OTA4NTIz._V1_Ratio0.6716_AL_.jpg",
            "crew": "Peyton Reed (dir.), Paul Rudd, Evangeline Lilly",
            "imDbRating": "6.1",
            "imDbRatingCount": "174331"
        },
        {
            "id": "tt16360004",
            "rank": "33",
            "rankUpDown": "+55",
            "title": "Spider-Man: Beyond the Spider-Verse",
            "fullTitle": "Spider-Man: Beyond the Spider-Verse (2024)",
            "year": "2024",
            "image": "https://m.media-amazon.com/images/M/MV5BYWJlNThmNWMtZWE5Zi00YWJiLWJiOTQtZWY1Y2I3ZmNhMDYwXkEyXkFqcGdeQXVyMTk2OTAzNTI@._V1_Ratio0.6716_AL_.jpg",
            "crew": "Joaquim Dos Santos (dir.), Shameik Moore, Hailee Steinfeld",
            "imDbRating": "",
            "imDbRatingCount": "0"
        },
        {
            "id": "tt10151854",
            "rank": "34",
            "rankUpDown": "-18",
            "title": "Shazam! Fury of the Gods",
            "fullTitle": "Shazam! Fury of the Gods (2023)",
            "year": "2023",
            "image": "https://m.media-amazon.com/images/M/MV5BNzJlM2NmZTItOGQyYS00MmE2LTkwZGUtNDFkNmJmZjRjZjcxXkEyXkFqcGdeQXVyMTA3MDk2NDg2._V1_Ratio0.6716_AL_.jpg",
            "crew": "David F. Sandberg (dir.), Zachary Levi, Asher Angel",
            "imDbRating": "6.0",
            "imDbRatingCount": "86547"
        },
        {
            "id": "tt13345606",
            "rank": "35",
            "rankUpDown": "-9",
            "title": "Evil Dead Rise",
            "fullTitle": "Evil Dead Rise (2023)",
            "year": "2023",
            "image": "https://m.media-amazon.com/images/M/MV5BMmZiN2VmMjktZDE5OC00ZWRmLWFlMmEtYWViMTY4NjM3ZmNkXkEyXkFqcGdeQXVyMTI2MTc2ODM3._V1_Ratio0.6716_AL_.jpg",
            "crew": "Lee Cronin (dir.), Mirabai Pease, Richard Crouchley",
            "imDbRating": "6.7",
            "imDbRatingCount": "78065"
        },
        {
            "id": "tt14230458",
            "rank": "36",
            "rankUpDown": "+461",
            "title": "Poor Things",
            "fullTitle": "Poor Things (2023)",
            "year": "2023",
            "image": "https://m.media-amazon.com/images/M/MV5BNTE0OGNjYWUtMDBmOC00Mzg1LWE3OTgtMDRjZmViZDU2YWQxXkEyXkFqcGdeQXVyMDA4NzMyOA@@._V1_Ratio0.6716_AL_.jpg",
            "crew": "Yorgos Lanthimos (dir.), Emma Stone, Margaret Qualley",
            "imDbRating": "",
            "imDbRatingCount": "0"
        },
        {
            "id": "tt7405458",
            "rank": "37",
            "rankUpDown": "-9",
            "title": "A Man Called Otto",
            "fullTitle": "A Man Called Otto (2022)",
            "year": "2022",
            "image": "https://m.media-amazon.com/images/M/MV5BNzg3OTEzMTgtYWU0OC00YTI0LWIxOTAtNmRkNTc0Nzg2YWU1XkEyXkFqcGdeQXVyNjY1MTg4Mzc@._V1_Ratio0.7910_AL_.jpg",
            "crew": "Marc Forster (dir.), Tom Hanks, Mariana Treviño",
            "imDbRating": "7.5",
            "imDbRatingCount": "92751"
        },
        {
            "id": "tt8129806",
            "rank": "38",
            "rankUpDown": "+113",
            "title": "To Leslie",
            "fullTitle": "To Leslie (2022)",
            "year": "2022",
            "image": "https://m.media-amazon.com/images/M/MV5BNmNiMGRkYmUtYjI4MC00ZDg4LTk3YjktNTczNzEzYmExMjAwXkEyXkFqcGdeQXVyMTQ4MTk0NjYx._V1_Ratio0.7015_AL_.jpg",
            "crew": "Michael Morris (dir.), Andrea Riseborough, Drew Youngblood",
            "imDbRating": "7.1",
            "imDbRatingCount": "12091"
        },
        {
            "id": "tt8105234",
            "rank": "39",
            "rankUpDown": "+494",
            "title": "Flamin' Hot",
            "fullTitle": "Flamin' Hot (2023)",
            "year": "2023",
            "image": "https://m.media-amazon.com/images/M/MV5BMWQ0NWQ4MzEtZGQ3Yi00NGQ5LWJlMDAtNjQzMGUxMjM3Mzg0XkEyXkFqcGdeQXVyMTU5OTc2NTk@._V1_Ratio0.6716_AL_.jpg",
            "crew": "Eva Longoria (dir.), Jesse Garcia, Annie Gonzalez",
            "imDbRating": "6.9",
            "imDbRatingCount": "3979"
        },
        {
            "id": "tt18073328",
            "rank": "40",
            "rankUpDown": "-26",
            "title": "Blood & Gold",
            "fullTitle": "Blood & Gold (2023)",
            "year": "2023",
            "image": "https://m.media-amazon.com/images/M/MV5BOTVlMDI5NDMtOGE1Zi00ZmEwLTg3NDQtMzgxOWNkNWE5YmE2XkEyXkFqcGdeQXVyMTEzMTI1Mjk3._V1_Ratio0.8209_AL_.jpg",
            "crew": "Peter Thorwarth (dir.), Robert Maaser, Marie Hacke",
            "imDbRating": "6.5",
            "imDbRatingCount": "8847"
        },
        {
            "id": "tt11358390",
            "rank": "41",
            "rankUpDown": "+13",
            "title": "Renfield",
            "fullTitle": "Renfield (2023)",
            "year": "2023",
            "image": "https://m.media-amazon.com/images/M/MV5BNDIwYjVjMDMtOGYxMy00ZTRiLWE0YzktMjIwYmNhOGE4NGQ4XkEyXkFqcGdeQXVyNjY1MTg4Mzc@._V1_Ratio0.6716_AL_.jpg",
            "crew": "Chris McKay (dir.), Nicholas Hoult, Nicolas Cage",
            "imDbRating": "6.4",
            "imDbRatingCount": "46542"
        },
        {
            "id": "tt0082971",
            "rank": "42",
            "rankUpDown": "+31",
            "title": "Indiana Jones and the Raiders of the Lost Ark",
            "fullTitle": "Indiana Jones and the Raiders of the Lost Ark (1981)",
            "year": "1981",
            "image": "https://m.media-amazon.com/images/M/MV5BNTU2ODkyY2MtMjU1NC00NjE1LWEzYjgtMWQ3MzRhMTE0NDc0XkEyXkFqcGdeQXVyMjM4MzQ4OTQ@._V1_Ratio0.6716_AL_.jpg",
            "crew": "Steven Spielberg (dir.), Harrison Ford, Karen Allen",
            "imDbRating": "8.4",
            "imDbRatingCount": "989434"
        },
        {
            "id": "tt3715152",
            "rank": "43",
            "rankUpDown": "+64",
            "title": "Shooting Stars",
            "fullTitle": "Shooting Stars (2023)",
            "year": "2023",
            "image": "https://m.media-amazon.com/images/M/MV5BZmRiMWZmMjQtZWM3YS00NWM0LWFmNTgtOWNkNDY5NzNmOWI3XkEyXkFqcGdeQXVyMTUxNDM3MTgy._V1_Ratio0.6716_AL_.jpg",
            "crew": "Chris Robinson (dir.), Marquis Mookie Cook, Wood Harris",
            "imDbRating": "6.5",
            "imDbRatingCount": "780"
        },
        {
            "id": "tt13560574",
            "rank": "44",
            "rankUpDown": "-6",
            "title": "X",
            "fullTitle": "X (2022)",
            "year": "2022",
            "image": "https://m.media-amazon.com/images/M/MV5BMTJiMmE5YWItOWZjYS00YTg0LWE0MTYtMzg2ZTY4YjNkNDEzXkEyXkFqcGdeQXVyMTAzMDg4NzU0._V1_Ratio0.7910_AL_.jpg",
            "crew": "Ti West (dir.), Mia Goth, Jenna Ortega",
            "imDbRating": "6.6",
            "imDbRatingCount": "132441"
        },
        {
            "id": "tt11274492",
            "rank": "45",
            "rankUpDown": "+7465",
            "title": "The Out-Laws",
            "fullTitle": "The Out-Laws (2023)",
            "year": "2023",
            "image": "https://m.media-amazon.com/images/M/MV5BMDYwZTY0OTItOTVkZS00NTFmLWFhN2ItNjI3Njc1NzAxZGJmXkEyXkFqcGdeQXVyMTUzOTcyODA5._V1_Ratio0.7015_AL_.jpg",
            "crew": "Tyler Spindel (dir.), Ellen Barkin, Nina Dobrev",
            "imDbRating": "",
            "imDbRatingCount": "0"
        },
        {
            "id": "tt20256528",
            "rank": "46",
            "rankUpDown": "+269",
            "title": "What Is a Woman?",
            "fullTitle": "What Is a Woman? (2022)",
            "year": "2022",
            "image": "https://m.media-amazon.com/images/M/MV5BY2JiMWExOTItNWIzYy00NmQ1LThkNGEtMTk5MmM1YmE5NGVmXkEyXkFqcGdeQXVyMTUzMjQxODI1._V1_Ratio0.6716_AL_.jpg",
            "crew": "Justin Folk (dir.), Matt Walsh, Gert Comfrey",
            "imDbRating": "8.3",
            "imDbRatingCount": "37559"
        },
        {
            "id": "tt9185206",
            "rank": "47",
            "rankUpDown": "+108",
            "title": "Are You There God? It's Me, Margaret.",
            "fullTitle": "Are You There God? It's Me, Margaret. (2023)",
            "year": "2023",
            "image": "https://m.media-amazon.com/images/M/MV5BNTBhNmM2ODgtNDI4My00MWM5LWIzYmYtYzQzNWViNzg5MmVlXkEyXkFqcGdeQXVyOTIxNTAyMzU@._V1_Ratio0.6716_AL_.jpg",
            "crew": "Kelly Fremon Craig (dir.), Abby Ryder Fortson, Rachel McAdams",
            "imDbRating": "7.6",
            "imDbRatingCount": "6375"
        },
        {
            "id": "tt1723121",
            "rank": "48",
            "rankUpDown": "+67",
            "title": "We're the Millers",
            "fullTitle": "We're the Millers (2013)",
            "year": "2013",
            "image": "https://m.media-amazon.com/images/M/MV5BZTQ0MjAzYzktMmUxMS00NjVlLWFjNTItNzBlY2E5NmMzYTY4XkEyXkFqcGdeQXVyNDI3NjU1NzQ@._V1_Ratio0.6716_AL_.jpg",
            "crew": "Rawson Marshall Thurber (dir.), Jason Sudeikis, Jennifer Aniston",
            "imDbRating": "7.0",
            "imDbRatingCount": "465337"
        },
        {
            "id": "tt17527468",
            "rank": "49",
            "rankUpDown": "+4130",
            "title": "Bottoms",
            "fullTitle": "Bottoms (2023)",
            "year": "2023",
            "image": "https://m.media-amazon.com/images/M/MV5BZWZkZjE2OGYtN2RiMS00ZDE5LWFlZGQtYzI1OTNhZDZkYzM3XkEyXkFqcGdeQXVyODk2NDQ3MTA@._V1_Ratio0.6716_AL_.jpg",
            "crew": "Emma Seligman (dir.), Rachel Sennott, Dagmara Dominczyk",
            "imDbRating": "",
            "imDbRatingCount": "0"
        },
        {
            "id": "tt0068646",
            "rank": "50",
            "rankUpDown": "+3",
            "title": "The Godfather",
            "fullTitle": "The Godfather (1972)",
            "year": "1972",
            "image": "https://m.media-amazon.com/images/M/MV5BM2MyNjYxNmUtYTAwNi00MTYxLWJmNWYtYzZlODY3ZTk3OTFlXkEyXkFqcGdeQXVyNzkwMjQ5NzM@._V1_Ratio0.7015_AL_.jpg",
            "crew": "Francis Ford Coppola (dir.), Marlon Brando, Al Pacino",
            "imDbRating": "9.2",
            "imDbRatingCount": "1913984"
        },
        {
            "id": "tt13833688",
            "rank": "51",
            "rankUpDown": "-2",
            "title": "The Whale",
            "fullTitle": "The Whale (2022)",
            "year": "2022",
            "image": "https://m.media-amazon.com/images/M/MV5BZDQ4Njg4YTctNGZkYi00NWU1LWI4OTYtNmNjOWMyMjI1NWYzXkEyXkFqcGdeQXVyMTA3MDk2NDg2._V1_Ratio0.7015_AL_.jpg",
            "crew": "Darren Aronofsky (dir.), Brendan Fraser, Sadie Sink",
            "imDbRating": "7.7",
            "imDbRatingCount": "152891"
        },
        {
            "id": "tt14998742",
            "rank": "52",
            "rankUpDown": "+1079",
            "title": "Rebel Moon",
            "fullTitle": "Rebel Moon (2023)",
            "year": "2023",
            "image": "https://m.media-amazon.com/images/M/MV5BYWEyNzdhZTMtZDZlMC00NTZhLWEzMTQtZWQ4NWFmZmI0OGQ1XkEyXkFqcGdeQXVyMTEzMTI1Mjk3._V1_Ratio2.3731_AL_.jpg",
            "crew": "Zack Snyder (dir.), Sofia Boutella, Charlie Hunnam",
            "imDbRating": "",
            "imDbRatingCount": "0"
        },
        {
            "id": "tt15789038",
            "rank": "53",
            "rankUpDown": "+11",
            "title": "Elemental",
            "fullTitle": "Elemental (2023)",
            "year": "2023",
            "image": "https://m.media-amazon.com/images/M/MV5BYzAyOWUxMmEtZTFkNi00YzRmLWFlMTEtM2U5ZTNlOTczMmM1XkEyXkFqcGdeQXVyMTUzOTcyODA5._V1_Ratio0.6716_AL_.jpg",
            "crew": "Peter Sohn (dir.), Leah Lewis, Mamoudou Athie",
            "imDbRating": "6.7",
            "imDbRatingCount": "458"
        },
        {
            "id": "tt3797868",
            "rank": "54",
            "rankUpDown": "+381",
            "title": "The Choice",
            "fullTitle": "The Choice (2016)",
            "year": "2016",
            "image": "https://m.media-amazon.com/images/M/MV5BMTYzMDA2ODcxMV5BMl5BanBnXkFtZTgwODMzOTMzNzE@._V1_Ratio0.6716_AL_.jpg",
            "crew": "Ross Katz (dir.), Benjamin Walker, Teresa Palmer",
            "imDbRating": "6.5",
            "imDbRatingCount": "43142"
        },
        {
            "id": "tt4589218",
            "rank": "55",
            "rankUpDown": "-15",
            "title": "Five Nights at Freddy's",
            "fullTitle": "Five Nights at Freddy's (2023)",
            "year": "2023",
            "image": "https://m.media-amazon.com/images/M/MV5BNWI3ZmY4NmItMGQ4My00ODJlLWJlNTktYjk2NzRkODU3YTNlXkEyXkFqcGdeQXVyMTkxNjUyNQ@@._V1_Ratio0.6716_AL_.jpg",
            "crew": "Emma Tammi (dir.), Josh Hutcherson, Matthew Lillard",
            "imDbRating": "",
            "imDbRatingCount": "0"
        },
        {
            "id": "tt10279472",
            "rank": "56",
            "rankUpDown": "-24",
            "title": "The Black Demon",
            "fullTitle": "The Black Demon (2023)",
            "year": "2023",
            "image": "https://m.media-amazon.com/images/M/MV5BODBhZTFiOGItNjk4ZS00Y2VkLWJkNGQtNTk5NzZlNThlM2I4XkEyXkFqcGdeQXVyMzQwMTY2Nzk@._V1_Ratio0.6716_AL_.jpg",
            "crew": "Adrian Grunberg (dir.), Omar Chaparro, Bolivar Sanchez",
            "imDbRating": "3.6",
            "imDbRatingCount": "2588"
        },
        {
            "id": "tt1745960",
            "rank": "57",
            "rankUpDown": "-16",
            "title": "Top Gun: Maverick",
            "fullTitle": "Top Gun: Maverick (2022)",
            "year": "2022",
            "image": "https://m.media-amazon.com/images/M/MV5BZWYzOGEwNTgtNWU3NS00ZTQ0LWJkODUtMmVhMjIwMjA1ZmQwXkEyXkFqcGdeQXVyMjkwOTAyMDU@._V1_Ratio0.6716_AL_.jpg",
            "crew": "Joseph Kosinski (dir.), Tom Cruise, Jennifer Connelly",
            "imDbRating": "8.3",
            "imDbRatingCount": "595472"
        },
        {
            "id": "tt6968614",
            "rank": "58",
            "rankUpDown": "-29",
            "title": "The Mother",
            "fullTitle": "The Mother (2023)",
            "year": "2023",
            "image": "https://m.media-amazon.com/images/M/MV5BODlmZThjZGItOGRmMC00ODVjLWIzYWMtODBhYzQyZjE4NWE5XkEyXkFqcGdeQXVyMTUzMTg2ODkz._V1_Ratio0.6716_AL_.jpg",
            "crew": "Niki Caro (dir.), Jennifer Lopez, Lucy Paez",
            "imDbRating": "5.6",
            "imDbRatingCount": "34509"
        },
        {
            "id": "tt15342244",
            "rank": "59",
            "rankUpDown": "+346",
            "title": "Master Gardener",
            "fullTitle": "Master Gardener (2022)",
            "year": "2022",
            "image": "https://m.media-amazon.com/images/M/MV5BNzQ1YmY1YTItNzg1MC00NDBkLThjZmItYzhkMjdkNjZjMjdmXkEyXkFqcGdeQXVyMTAyMjQ3NzQ1._V1_Ratio0.6716_AL_.jpg",
            "crew": "Paul Schrader (dir.), Joel Edgerton, Sigourney Weaver",
            "imDbRating": "6.3",
            "imDbRatingCount": "2480"
        },
        {
            "id": "tt0111161",
            "rank": "60",
            "rankUpDown": "-2",
            "title": "The Shawshank Redemption",
            "fullTitle": "The Shawshank Redemption (1994)",
            "year": "1994",
            "image": "https://m.media-amazon.com/images/M/MV5BNDE3ODcxYzMtY2YzZC00NmNlLWJiNDMtZDViZWM2MzIxZDYwXkEyXkFqcGdeQXVyNjAwNDUxODI@._V1_Ratio0.6716_AL_.jpg",
            "crew": "Frank Darabont (dir.), Tim Robbins, Morgan Freeman",
            "imDbRating": "9.3",
            "imDbRatingCount": "2751514"
        },
        {
            "id": "tt9603212",
            "rank": "61",
            "rankUpDown": "+1",
            "title": "Mission: Impossible - Dead Reckoning Part One",
            "fullTitle": "Mission: Impossible - Dead Reckoning Part One (2023)",
            "year": "2023",
            "image": "https://m.media-amazon.com/images/M/MV5BMDkyMmZlN2EtMzhlNC00ODc5LTk0ODgtOWRlNzRkYzRkNTdmXkEyXkFqcGdeQXVyMDM2NDM2MQ@@._V1_Ratio0.6716_AL_.jpg",
            "crew": "Christopher McQuarrie (dir.), Rebecca Ferguson, Tom Cruise",
            "imDbRating": "",
            "imDbRatingCount": "0"
        },
        {
            "id": "tt10872600",
            "rank": "62",
            "rankUpDown": "+22",
            "title": "Spider-Man: No Way Home",
            "fullTitle": "Spider-Man: No Way Home (2021)",
            "year": "2021",
            "image": "https://m.media-amazon.com/images/M/MV5BZWMyYzFjYTYtNTRjYi00OGExLWE2YzgtOGRmYjAxZTU3NzBiXkEyXkFqcGdeQXVyMzQ0MzA0NTM@._V1_Ratio0.6716_AL_.jpg",
            "crew": "Jon Watts (dir.), Tom Holland, Zendaya",
            "imDbRating": "8.2",
            "imDbRatingCount": "801833"
        },
        {
            "id": "tt0816692",
            "rank": "63",
            "rankUpDown": "+11",
            "title": "Interstellar",
            "fullTitle": "Interstellar (2014)",
            "year": "2014",
            "image": "https://m.media-amazon.com/images/M/MV5BZjdkOTU3MDktN2IxOS00OGEyLWFmMjktY2FiMmZkNWIyODZiXkEyXkFqcGdeQXVyMTMxODk2OTU@._V1_Ratio0.6716_AL_.jpg",
            "crew": "Christopher Nolan (dir.), Matthew McConaughey, Anne Hathaway",
            "imDbRating": "8.7",
            "imDbRatingCount": "1917071"
        },
        {
            "id": "tt17663992",
            "rank": "64",
            "rankUpDown": "-16",
            "title": "Scream VI",
            "fullTitle": "Scream VI (2023)",
            "year": "2023",
            "image": "https://m.media-amazon.com/images/M/MV5BODBjM2M4YTQtNmJlMS00MGU2LWI4ZGYtZTA1MzdmZDAyMjFkXkEyXkFqcGdeQXVyODE5NzE3OTE@._V1_Ratio0.6716_AL_.jpg",
            "crew": "Matt Bettinelli-Olpin (dir.), Courteney Cox, Melissa Barrera",
            "imDbRating": "6.6",
            "imDbRatingCount": "81291"
        },
        {
            "id": "tt10275534",
            "rank": "65",
            "rankUpDown": "-32",
            "title": "To Catch a Killer",
            "fullTitle": "To Catch a Killer (2023)",
            "year": "2023",
            "image": "https://m.media-amazon.com/images/M/MV5BNGMyZjM5YWUtMjVmMC00NmQ2LTgyMWEtNjYzZDFkYTIyMjFhXkEyXkFqcGdeQXVyMTAyMjQ3NzQ1._V1_Ratio0.6716_AL_.jpg",
            "crew": "Damián Szifron (dir.), Shailene Woodley, Ben Mendelsohn",
            "imDbRating": "6.5",
            "imDbRatingCount": "12784"
        },
        {
            "id": "tt6710474",
            "rank": "66",
            "rankUpDown": "-10",
            "title": "Everything Everywhere All at Once",
            "fullTitle": "Everything Everywhere All at Once (2022)",
            "year": "2022",
            "image": "https://m.media-amazon.com/images/M/MV5BYTdiOTIyZTQtNmQ1OS00NjZlLWIyMTgtYzk5Y2M3ZDVmMDk1XkEyXkFqcGdeQXVyMTAzMDg4NzU0._V1_Ratio0.6716_AL_.jpg",
            "crew": "Daniel Kwan (dir.), Michelle Yeoh, Stephanie Hsu",
            "imDbRating": "7.8",
            "imDbRatingCount": "453685"
        },
        {
            "id": "tt5761544",
            "rank": "67",
            "rankUpDown": "-28",
            "title": "Kandahar",
            "fullTitle": "Kandahar (2023)",
            "year": "2023",
            "image": "https://m.media-amazon.com/images/M/MV5BMjNiNDg2OWYtOGEzNy00M2E5LTgxZjItNzVmN2VmNTg3MzBhXkEyXkFqcGdeQXVyMjkwOTAyMDU@._V1_Ratio0.6716_AL_.jpg",
            "crew": "Ric Roman Waugh (dir.), Gerard Butler, Navid Negahban",
            "imDbRating": "6.2",
            "imDbRatingCount": "2188"
        },
        {
            "id": "tt7354440",
            "rank": "68",
            "rankUpDown": "-37",
            "title": "Tin & Tina",
            "fullTitle": "Tin & Tina (2023)",
            "year": "2023",
            "image": "https://m.media-amazon.com/images/M/MV5BOTM1NjZjZDctZGFmZC00YzkzLWE0NjEtNWE2M2E2ZDU3N2FkXkEyXkFqcGdeQXVyMTYzMDUzNjEw._V1_Ratio0.7015_AL_.jpg",
            "crew": "Rubin Stein (dir.), Milena Smit, Jaime Lorente",
            "imDbRating": "4.7",
            "imDbRatingCount": "3705"
        },
        {
            "id": "tt13375076",
            "rank": "69",
            "rankUpDown": "-4",
            "title": "The Pope's Exorcist",
            "fullTitle": "The Pope's Exorcist (2023)",
            "year": "2023",
            "image": "https://m.media-amazon.com/images/M/MV5BYjA0MGU4MzYtYTYxMy00MjRhLTlmMDYtZTVhZDc1Y2QwNWY2XkEyXkFqcGdeQXVyMjY5ODI4NDk@._V1_Ratio0.6716_AL_.jpg",
            "crew": "Julius Avery (dir.), Russell Crowe, Daniel Zovatto",
            "imDbRating": "6.1",
            "imDbRatingCount": "39366"
        },
        {
            "id": "tt0097757",
            "rank": "70",
            "rankUpDown": "-35",
            "title": "The Little Mermaid",
            "fullTitle": "The Little Mermaid (1989)",
            "year": "1989",
            "image": "https://m.media-amazon.com/images/M/MV5BOWUyNDA0ZmItMzg2My00YjJhLTk1N2QtYTAxYTc0NzMzNDI0XkEyXkFqcGdeQXVyMTI5NzUyMTIz._V1_Ratio0.6716_AL_.jpg",
            "crew": "Ron Clements (dir.), Jodi Benson, Samuel E. Wright",
            "imDbRating": "7.6",
            "imDbRatingCount": "277652"
        },
        {
            "id": "tt0499549",
            "rank": "71",
            "rankUpDown": "+205",
            "title": "Avatar",
            "fullTitle": "Avatar (2009)",
            "year": "2009",
            "image": "https://m.media-amazon.com/images/M/MV5BZDA0OGQxNTItMDZkMC00N2UyLTg3MzMtYTJmNjg3Nzk5MzRiXkEyXkFqcGdeQXVyMjUzOTY1NTc@._V1_Ratio0.6716_AL_.jpg",
            "crew": "James Cameron (dir.), Sam Worthington, Zoe Saldana",
            "imDbRating": "7.9",
            "imDbRatingCount": "1344636"
        },
        {
            "id": "tt11145118",
            "rank": "72",
            "rankUpDown": "+54",
            "title": "Creed III",
            "fullTitle": "Creed III (2023)",
            "year": "2023",
            "image": "https://m.media-amazon.com/images/M/MV5BYzIxOTk1NDQtMzJlOC00ODZlLWE1YTAtNTA5ODZlZmZmMDBhXkEyXkFqcGdeQXVyMjkwOTAyMDU@._V1_Ratio0.6716_AL_.jpg",
            "crew": "Michael B. Jordan (dir.), Michael B. Jordan, Tessa Thompson",
            "imDbRating": "6.8",
            "imDbRatingCount": "65105"
        },
        {
            "id": "tt8373206",
            "rank": "73",
            "rankUpDown": "-37",
            "title": "About My Father",
            "fullTitle": "About My Father (2023)",
            "year": "2023",
            "image": "https://m.media-amazon.com/images/M/MV5BZTUwYmYwMzUtYmIyZS00OWM3LWE3MWEtM2NjYTk0NzhiM2NmXkEyXkFqcGdeQXVyNDAyNjg5MzY@._V1_Ratio0.6716_AL_.jpg",
            "crew": "Laura Terruso (dir.), Robert De Niro, Sebastian Maniscalco",
            "imDbRating": "6.1",
            "imDbRatingCount": "1925"
        },
        {
            "id": "tt12261776",
            "rank": "74",
            "rankUpDown": "-19",
            "title": "65",
            "fullTitle": "65 (2023)",
            "year": "2023",
            "image": "https://m.media-amazon.com/images/M/MV5BYzFhM2M1MDUtNDhmNC00YzEzLThiMzctYWYxZTc0MGJhNWYyXkEyXkFqcGdeQXVyMTUzMTg2ODkz._V1_Ratio0.7910_AL_.jpg",
            "crew": "Scott Beck (dir.), Adam Driver, Ariana Greenblatt",
            "imDbRating": "5.4",
            "imDbRatingCount": "48911"
        },
        {
            "id": "tt9764362",
            "rank": "75",
            "rankUpDown": "+2",
            "title": "The Menu",
            "fullTitle": "The Menu (2022)",
            "year": "2022",
            "image": "https://m.media-amazon.com/images/M/MV5BMzdjNjI5MmYtODhiNS00NTcyLWEzZmUtYzVmODM5YzExNDE3XkEyXkFqcGdeQXVyMTAyMjQ3NzQ1._V1_Ratio0.6716_AL_.jpg",
            "crew": "Mark Mylod (dir.), Ralph Fiennes, Anya Taylor-Joy",
            "imDbRating": "7.2",
            "imDbRatingCount": "322465"
        },
        {
            "id": "tt10640346",
            "rank": "76",
            "rankUpDown": "+5",
            "title": "Babylon",
            "fullTitle": "Babylon (2022)",
            "year": "2022",
            "image": "https://m.media-amazon.com/images/M/MV5BNjlkYjc4NGMtZjc3MS00NjQ3LTk4MmUtMTkwZGZjODE1ZDVlXkEyXkFqcGdeQXVyODk4OTc3MTY@._V1_Ratio0.6716_AL_.jpg",
            "crew": "Damien Chazelle (dir.), Brad Pitt, Margot Robbie",
            "imDbRating": "7.2",
            "imDbRatingCount": "120544"
        },
        {
            "id": "tt11905536",
            "rank": "77",
            "rankUpDown": "+9684",
            "title": "Gumraah",
            "fullTitle": "Gumraah (2023)",
            "year": "2023",
            "image": "https://m.media-amazon.com/images/M/MV5BZjFjYzk2YTAtNTY4My00NjYxLWI0OGUtMThhYWZhNTllYWMwXkEyXkFqcGdeQXVyODE5NzE3OTE@._V1_Ratio0.7015_AL_.jpg",
            "crew": "Vardhan Ketkar (dir.), Aditya Roy Kapoor, Mrunal Thakur",
            "imDbRating": "6.5",
            "imDbRatingCount": "2285"
        },
        {
            "id": "tt1160419",
            "rank": "78",
            "rankUpDown": "+2",
            "title": "Dune: Part One",
            "fullTitle": "Dune: Part One (2021)",
            "year": "2021",
            "image": "https://m.media-amazon.com/images/M/MV5BN2FjNmEyNWMtYzM0ZS00NjIyLTg5YzYtYThlMGVjNzE1OGViXkEyXkFqcGdeQXVyMTkxNjUyNQ@@._V1_Ratio0.6716_AL_.jpg",
            "crew": "Denis Villeneuve (dir.), Timothée Chalamet, Rebecca Ferguson",
            "imDbRating": "8.0",
            "imDbRatingCount": "682259"
        },
        {
            "id": "tt15326988",
            "rank": "79",
            "rankUpDown": "-18",
            "title": "Ghosted",
            "fullTitle": "Ghosted (2023)",
            "year": "2023",
            "image": "https://m.media-amazon.com/images/M/MV5BNGMzYWZlYmYtNTcyMC00ZGVjLThjN2ItMjY4MjkwN2NlMjYwXkEyXkFqcGdeQXVyOTU0NjY1MDM@._V1_Ratio0.6716_AL_.jpg",
            "crew": "Dexter Fletcher (dir.), Chris Evans, Ana de Armas",
            "imDbRating": "5.8",
            "imDbRatingCount": "43091"
        },
        {
            "id": "tt1375666",
            "rank": "80",
            "rankUpDown": "+21",
            "title": "Inception",
            "fullTitle": "Inception (2010)",
            "year": "2010",
            "image": "https://m.media-amazon.com/images/M/MV5BMjAxMzY3NjcxNF5BMl5BanBnXkFtZTcwNTI5OTM0Mw@@._V1_Ratio0.6716_AL_.jpg",
            "crew": "Christopher Nolan (dir.), Leonardo DiCaprio, Joseph Gordon-Levitt",
            "imDbRating": "8.8",
            "imDbRatingCount": "2418034"
        },
        {
            "id": "tt0418279",
            "rank": "81",
            "rankUpDown": "+87",
            "title": "Transformers",
            "fullTitle": "Transformers (2007)",
            "year": "2007",
            "image": "https://m.media-amazon.com/images/M/MV5BNWI1NjkxM2MtOTU4My00YzQ5LTliNGMtNmFlM2U5NWM3MDY1XkEyXkFqcGdeQXVyNTUyMzE4Mzg@._V1_Ratio0.7015_AL_.jpg",
            "crew": "Michael Bay (dir.), Shia LaBeouf, Megan Fox",
            "imDbRating": "7.0",
            "imDbRatingCount": "653751"
        },
        {
            "id": "tt27714278",
            "rank": "82",
            "rankUpDown": "+200",
            "title": "Medellin",
            "fullTitle": "Medellin (2023)",
            "year": "2023",
            "image": "https://m.media-amazon.com/images/M/MV5BZDA2ZDg1ZDgtNWY0NC00NjQxLTlkZmQtMDdiNjZhODExZjFkXkEyXkFqcGdeQXVyMjAwNzczNTU@._V1_Ratio0.6716_AL_.jpg",
            "crew": "Franck Gastambide (dir.), Franck Gastambide, Ramzy Bedia",
            "imDbRating": "4.8",
            "imDbRatingCount": "942"
        },
        {
            "id": "tt14209916",
            "rank": "83",
            "rankUpDown": "-5",
            "title": "Cocaine Bear",
            "fullTitle": "Cocaine Bear (2023)",
            "year": "2023",
            "image": "https://m.media-amazon.com/images/M/MV5BODAwZDQ5ZjEtZDI1My00MTFiLTg0ZjUtOGE2YTBkOTdjODFhXkEyXkFqcGdeQXVyODE5NzE3OTE@._V1_Ratio0.6716_AL_.jpg",
            "crew": "Elizabeth Banks (dir.), Keri Russell, Alden Ehrenreich",
            "imDbRating": "6.0",
            "imDbRatingCount": "74405"
        },
        {
            "id": "tt0468569",
            "rank": "84",
            "rankUpDown": "+21",
            "title": "The Dark Knight",
            "fullTitle": "The Dark Knight (2008)",
            "year": "2008",
            "image": "https://m.media-amazon.com/images/M/MV5BMTMxNTMwODM0NF5BMl5BanBnXkFtZTcwODAyMTk2Mw@@._V1_Ratio0.6716_AL_.jpg",
            "crew": "Christopher Nolan (dir.), Christian Bale, Heath Ledger",
            "imDbRating": "9.0",
            "imDbRatingCount": "2724257"
        },
        {
            "id": "tt12593682",
            "rank": "85",
            "rankUpDown": "-14",
            "title": "Bullet Train",
            "fullTitle": "Bullet Train (2022)",
            "year": "2022",
            "image": "https://m.media-amazon.com/images/M/MV5BMDU2ZmM2OTYtNzIxYy00NjM5LTliNGQtN2JmOWQzYTBmZWUzXkEyXkFqcGdeQXVyMTkxNjUyNQ@@._V1_Ratio0.6716_AL_.jpg",
            "crew": "David Leitch (dir.), Brad Pitt, Joey King",
            "imDbRating": "7.3",
            "imDbRatingCount": "363355"
        },
        {
            "id": "tt2049403",
            "rank": "86",
            "rankUpDown": "+18",
            "title": "Beetlejuice 2",
            "fullTitle": "Beetlejuice 2 (2024)",
            "year": "2024",
            "image": "https://m.media-amazon.com/images/M/MV5BN2U0ZjI1YTUtNTA2OS00YWYyLTkxOGEtMDU4NDA4MDk3OTc3XkEyXkFqcGdeQXVyMTI4ODY5NTM3._V1_Ratio0.7910_AL_.jpg",
            "crew": "Tim Burton (dir.), Jenna Ortega, Michael Keaton",
            "imDbRating": "",
            "imDbRatingCount": "0"
        },
        {
            "id": "tt16280138",
            "rank": "87",
            "rankUpDown": "+338",
            "title": "Magic Mike's Last Dance",
            "fullTitle": "Magic Mike's Last Dance (2023)",
            "year": "2023",
            "image": "https://m.media-amazon.com/images/M/MV5BMTg4ZWZhODQtNWVhNC00NjA1LWJhZjgtZTFkY2JmNWJlYzU0XkEyXkFqcGdeQXVyMTUzMTg2ODkz._V1_Ratio0.6716_AL_.jpg",
            "crew": "Steven Soderbergh (dir.), Channing Tatum, Salma Hayek",
            "imDbRating": "5.3",
            "imDbRatingCount": "11238"
        },
        {
            "id": "tt13521006",
            "rank": "88",
            "rankUpDown": "-31",
            "title": "Beau Is Afraid",
            "fullTitle": "Beau Is Afraid (2023)",
            "year": "2023",
            "image": "https://m.media-amazon.com/images/M/MV5BYTNhNWRmMDctYzE4OS00MzczLWJkODgtNzYxZTQxM2Y1YmM3XkEyXkFqcGdeQXVyMTkxNjUyNQ@@._V1_Ratio0.6716_AL_.jpg",
            "crew": "Ari Aster (dir.), Joaquin Phoenix, Patti LuPone",
            "imDbRating": "7.1",
            "imDbRatingCount": "20206"
        },
        {
            "id": "tt8589698",
            "rank": "89",
            "rankUpDown": "-59",
            "title": "Teenage Mutant Ninja Turtles: Mutant Mayhem",
            "fullTitle": "Teenage Mutant Ninja Turtles: Mutant Mayhem (2023)",
            "year": "2023",
            "image": "https://m.media-amazon.com/images/M/MV5BYzE4MTllZTktMTIyZS00Yzg1LTg1YzAtMWQwZTZkNjNkODNjXkEyXkFqcGdeQXVyMTUzMTg2ODkz._V1_Ratio0.6716_AL_.jpg",
            "crew": "Jeff Rowe (dir.), Rose Byrne, Seth Rogen",
            "imDbRating": "",
            "imDbRatingCount": "0"
        },
        {
            "id": "tt10855768",
            "rank": "90",
            "rankUpDown": "-56",
            "title": "Missing",
            "fullTitle": "Missing (2023)",
            "year": "2023",
            "image": "https://m.media-amazon.com/images/M/MV5BNWExMzg3NjAtZmZmYy00MWE3LWJkNjEtOTYzYTZjYTZkMjZiXkEyXkFqcGdeQXVyMTA3MDk2NDg2._V1_Ratio0.6716_AL_.jpg",
            "crew": "Nicholas D. Johnson (dir.), Tim Griffin, Ava Zaria Lee",
            "imDbRating": "7.1",
            "imDbRatingCount": "36825"
        },
        {
            "id": "tt5433138",
            "rank": "91",
            "rankUpDown": "-44",
            "title": "F9: The Fast Saga",
            "fullTitle": "F9: The Fast Saga (2021)",
            "year": "2021",
            "image": "https://m.media-amazon.com/images/M/MV5BMjI0NmFkYzEtNzU2YS00NTg5LWIwYmMtNmQ1MTU0OGJjOTMxXkEyXkFqcGdeQXVyMjMxOTE0ODA@._V1_Ratio0.6716_AL_.jpg",
            "crew": "Justin Lin (dir.), Vin Diesel, Michelle Rodriguez",
            "imDbRating": "5.2",
            "imDbRatingCount": "149011"
        },
        {
            "id": "tt0113277",
            "rank": "92",
            "rankUpDown": "-13",
            "title": "Heat",
            "fullTitle": "Heat (1995)",
            "year": "1995",
            "image": "https://m.media-amazon.com/images/M/MV5BYjZjNTJlZGUtZTE1Ny00ZDc4LTgwYjUtMzk0NDgwYzZjYTk1XkEyXkFqcGdeQXVyNjU0OTQ0OTY@._V1_Ratio0.7015_AL_.jpg",
            "crew": "Michael Mann (dir.), Al Pacino, Robert De Niro",
            "imDbRating": "8.3",
            "imDbRatingCount": "678361"
        },
        {
            "id": "tt18925334",
            "rank": "93",
            "rankUpDown": "0",
            "title": "Pearl",
            "fullTitle": "Pearl (2022)",
            "year": "2022",
            "image": "https://m.media-amazon.com/images/M/MV5BZTFkNmE5MjUtZDE1Yi00ZmQyLTk2YWUtN2EwODA1ZmNlOTA5XkEyXkFqcGdeQXVyMTM1MTE1NDMx._V1_Ratio0.6716_AL_.jpg",
            "crew": "Ti West (dir.), Mia Goth, David Corenswet",
            "imDbRating": "7.0",
            "imDbRatingCount": "60343"
        },
        {
            "id": "tt15325794",
            "rank": "94",
            "rankUpDown": "+2",
            "title": "Fall",
            "fullTitle": "Fall (2022)",
            "year": "2022",
            "image": "https://m.media-amazon.com/images/M/MV5BNGI3MWYwYjItNzZhYi00ZWIzLTkyMzYtN2JmNjg3ODg1NTg4XkEyXkFqcGdeQXVyMTMwMDA5ODU3._V1_Ratio0.6716_AL_.jpg",
            "crew": "Scott Mann (dir.), Grace Caroline Currey, Virginia Gardner",
            "imDbRating": "6.4",
            "imDbRatingCount": "84588"
        },
        {
            "id": "tt0087469",
            "rank": "95",
            "rankUpDown": "+108",
            "title": "Indiana Jones and the Temple of Doom",
            "fullTitle": "Indiana Jones and the Temple of Doom (1984)",
            "year": "1984",
            "image": "https://m.media-amazon.com/images/M/MV5BYzgzMTIzNzctNmNiZC00ZDYyLWJjNzktMmQ2MDM2ZDkwZGVhXkEyXkFqcGdeQXVyMjM4MzQ4OTQ@._V1_Ratio0.6716_AL_.jpg",
            "crew": "Steven Spielberg (dir.), Harrison Ford, Kate Capshaw",
            "imDbRating": "7.5",
            "imDbRatingCount": "505446"
        },
        {
            "id": "tt12263384",
            "rank": "96",
            "rankUpDown": "+213",
            "title": "Extraction 2",
            "fullTitle": "Extraction 2 (2023)",
            "year": "2023",
            "image": "https://m.media-amazon.com/images/M/MV5BZjg5MTM4N2QtN2RlMS00NzBlLTg3NDktM2ExZDNmMmExMGU3XkEyXkFqcGdeQXVyMTkxNjUyNQ@@._V1_Ratio0.6716_AL_.jpg",
            "crew": "Sam Hargrave (dir.), Chris Hemsworth, Golshifteh Farahani",
            "imDbRating": "8.2",
            "imDbRatingCount": "154"
        },
        {
            "id": "tt2911666",
            "rank": "97",
            "rankUpDown": "-29",
            "title": "John Wick",
            "fullTitle": "John Wick (2014)",
            "year": "2014",
            "image": "https://m.media-amazon.com/images/M/MV5BMTU2NjA1ODgzMF5BMl5BanBnXkFtZTgwMTM2MTI4MjE@._V1_Ratio0.6716_AL_.jpg",
            "crew": "Chad Stahelski (dir.), Keanu Reeves, Michael Nyqvist",
            "imDbRating": "7.4",
            "imDbRatingCount": "697992"
        },
        {
            "id": "tt0241527",
            "rank": "98",
            "rankUpDown": "-22",
            "title": "Harry Potter and the Sorcerer's Stone",
            "fullTitle": "Harry Potter and the Sorcerer's Stone (2001)",
            "year": "2001",
            "image": "https://m.media-amazon.com/images/M/MV5BNmQ0ODBhMjUtNDRhOC00MGQzLTk5MTAtZDliODg5NmU5MjZhXkEyXkFqcGdeQXVyNDUyOTg3Njg@._V1_Ratio0.6716_AL_.jpg",
            "crew": "Chris Columbus (dir.), Daniel Radcliffe, Rupert Grint",
            "imDbRating": "7.6",
            "imDbRatingCount": "811202"
        },
        {
            "id": "tt1877830",
            "rank": "99",
            "rankUpDown": "-4",
            "title": "The Batman",
            "fullTitle": "The Batman (2022)",
            "year": "2022",
            "image": "https://m.media-amazon.com/images/M/MV5BMDdmMTBiNTYtMDIzNi00NGVlLWIzMDYtZTk3MTQ3NGQxZGEwXkEyXkFqcGdeQXVyMzMwOTU5MDk@._V1_Ratio0.6716_AL_.jpg",
            "crew": "Matt Reeves (dir.), Robert Pattinson, Zoë Kravitz",
            "imDbRating": "7.8",
            "imDbRatingCount": "702972"
        },
        {
            "id": "tt2015381",
            "rank": "100",
            "rankUpDown": "-41",
            "title": "Guardians of the Galaxy",
            "fullTitle": "Guardians of the Galaxy (2014)",
            "year": "2014",
            "image": "https://m.media-amazon.com/images/M/MV5BNDIzMTk4NDYtMjg5OS00ZGI0LWJhZDYtMzdmZGY1YWU5ZGNkXkEyXkFqcGdeQXVyMTI5NzUyMTIz._V1_Ratio0.6716_AL_.jpg",
            "crew": "James Gunn (dir.), Chris Pratt, Vin Diesel",
            "imDbRating": "8.0",
            "imDbRatingCount": "1222666"
        }
    ],
    "errorMessage": ""
}